ID,Pregnancies,Glucose,BloodPressure,SkinThickness,Insulin,BMI,DiabetesPedigreeFunction,Age,Outcome
1,1,84,58,26,129,33.3,0.97,31,0
2,4,160,71,23,265,30.2,0.193,55,0
3,4,174,72,37,737,29.7,0.21,38,0
4,5,94,73,33,78,34.1,0.266,46,0
5,3,91,86,34,41,38.3,0.228,24,0
6,2,127,73,22,377,28.2,0.477,39,0
7,1,155,87,34,288,32.9,0.301,32,1
8,4,138,54,31,306,31.9,0.223,45,0
9,10,107,114,39,59,38.8,0.31,51,1
10,3,94,62,26,108,28.0,0.845,21,0
11,0,92,73,27,158,43.3,0.357,25,0
12,2,107,79,41,177,46.0,1.7,22,0
13,1,84,73,19,31,22.7,0.389,25,0
14,8,111,60,31,202,27.5,0.361,25,0
15,4,93,65,22,20,30.7,0.559,44,1
16,3,168,79,42,164,45.5,0.149,46,1
17,4,169,70,46,378,62.0,0.6,27,1
18,1,88,76,23,57,34.1,0.344,24,0
19,2,187,74,44,138,34.7,0.286,27,1
20,2,144,73,46,157,44.6,0.298,32,1
21,1,146,56,27,139,28.0,0.485,22,0
22,0,145,59,20,195,37.2,0.304,23,0
23,2,89,91,38,63,43.4,1.16,53,0
24,4,126,86,28,79,19.3,0.117,24,0
25,4,103,74,23,236,35.9,0.079,40,0
26,10,103,80,33,38,40.0,0.85,34,1
27,6,96,60,22,70,27.0,0.645,41,0
28,5,100,74,23,14,32.9,1.113,27,0
29,5,122,71,19,14,28.6,0.731,59,0
30,8,96,76,19,201,37.0,0.352,44,0
31,3,129,92,55,233,55.5,0.297,24,0
32,0,90,82,47,14,44.2,0.36,22,0
33,4,119,76,24,147,27.5,0.139,24,0
34,0,198,88,33,405,47.4,0.223,21,1
35,9,166,82,37,214,37.1,0.765,52,1
36,7,112,78,47,223,34.7,0.83,52,1
37,2,180,70,19,221,38.1,0.835,33,1
38,6,177,85,45,186,36.0,0.383,59,1
39,9,180,96,30,195,33.4,0.552,31,1
40,1,125,84,31,320,28.7,0.768,43,0
41,0,157,64,43,311,43.5,0.209,23,1
42,3,146,99,57,190,49.9,0.179,37,1
43,1,180,70,18,196,27.9,0.804,26,0
44,2,197,73,41,534,42.2,0.527,42,1
45,0,107,62,42,567,35.9,2.074,21,0
46,1,162,90,27,197,38.4,0.828,22,1
47,4,109,69,33,48,27.3,0.422,22,0
48,1,86,59,11,59,24.4,0.442,23,0
49,7,129,81,41,129,35.4,1.36,38,1
50,0,111,63,14,192,26.0,0.121,25,1
51,12,124,89,34,130,43.4,0.115,53,1
52,1,97,84,37,325,34.6,0.718,21,0
53,1,96,73,25,62,28.8,0.147,22,0
54,2,137,81,34,237,33.0,0.153,42,0
55,3,132,75,36,262,40.6,0.168,25,0
56,1,183,83,23,385,42.3,0.252,38,1
57,4,131,60,43,375,31.1,0.182,52,1
58,4,163,72,18,131,30.6,0.121,53,1
59,9,86,65,25,106,38.5,0.427,35,0
60,0,113,73,26,61,25.3,0.329,22,0
61,1,116,69,22,69,25.7,0.206,26,0
62,1,96,87,46,113,41.0,0.168,24,0
63,9,138,65,23,455,21.4,0.288,44,0
64,1,92,75,28,135,30.6,0.103,22,0
65,1,170,77,16,187,26.6,0.272,51,1
66,7,130,53,37,334,33.1,0.883,46,1
67,1,155,86,34,48,38.9,0.333,32,1
68,4,84,61,40,254,42.1,0.394,31,0
69,1,99,82,29,110,26.1,0.28,28,0
70,0,143,89,40,203,41.6,0.17,22,0
71,2,106,64,31,81,31.0,0.569,26,0
72,2,127,74,25,115,42.1,0.451,34,0
73,7,135,100,45,123,47.2,0.8,54,1
74,1,115,79,10,72,28.9,0.268,24,0
75,1,127,73,22,157,24.1,0.338,21,0
76,2,92,83,37,223,28.2,0.191,30,0
77,2,145,79,20,198,33.6,0.662,28,1
78,1,153,73,18,636,24.8,0.198,40,0
79,11,96,64,42,141,43.3,0.42,27,1
80,6,102,59,22,67,22.8,0.601,24,0
81,1,108,57,17,139,30.0,0.279,26,0
82,3,120,69,32,362,28.4,0.79,66,0
83,1,131,46,11,16,26.0,0.233,24,0
84,12,134,64,26,239,28.3,0.533,33,1
85,5,136,84,7,321,24.8,0.151,29,0
86,3,157,74,33,499,27.0,0.297,39,1
87,4,124,69,16,213,23.7,0.653,27,0
88,4,130,55,23,163,24.9,0.201,21,0
89,2,125,76,50,212,40.8,0.385,30,0
90,4,109,70,43,79,37.7,0.583,28,0
91,5,81,40,17,79,24.8,0.456,22,0
92,2,139,83,25,70,29.6,0.078,28,0
93,8,170,79,27,292,33.7,0.721,60,1
94,1,113,54,16,78,28.1,0.246,26,0
95,6,140,83,39,185,31.0,0.093,47,0
96,0,92,58,39,18,36.5,0.18,32,0
97,4,103,88,20,25,34.3,0.869,33,0
98,1,104,71,30,14,30.5,0.921,37,0
99,11,112,100,29,82,29.1,0.38,64,0
100,2,110,59,18,14,27.9,0.318,31,1
101,4,131,81,9,103,27.3,0.5,46,1
102,0,138,63,34,126,34.9,0.24,22,0
103,0,92,66,30,67,36.9,0.522,23,0
104,5,74,70,23,18,26.5,0.197,24,0
105,5,96,72,21,19,33.1,0.278,33,0
106,0,144,87,17,85,29.8,0.165,31,1
107,6,87,86,10,80,23.5,0.199,28,0
108,2,91,54,32,84,34.5,0.193,37,0
109,7,84,81,28,65,33.5,0.078,27,0
110,7,123,76,48,56,37.1,0.455,27,0
111,2,106,71,25,303,26.3,0.226,22,0
112,7,183,73,30,176,33.6,1.174,40,1
113,7,150,70,28,222,28.1,0.199,28,0
114,0,100,73,14,99,33.2,0.306,28,0
115,3,108,78,27,117,36.7,1.094,27,0
116,0,91,52,33,275,44.4,1.267,24,0
117,5,114,52,7,68,27.9,0.263,21,0
118,8,114,88,14,130,34.3,0.902,46,1
119,1,194,68,39,255,45.5,0.312,21,1
120,5,133,67,26,182,36.4,0.189,39,0
121,3,193,63,36,523,36.1,0.701,42,1
122,4,113,77,26,245,30.4,0.75,55,1
123,5,172,75,28,138,36.4,0.321,38,1
124,0,110,92,31,90,30.3,0.588,21,0
125,7,92,43,28,14,23.7,0.224,39,0
126,0,165,63,29,302,33.1,0.646,21,1
127,10,166,75,30,194,43.4,0.31,46,1
128,4,134,61,31,288,28.1,0.508,32,0
129,11,199,80,48,443,37.5,0.344,37,0
130,2,121,78,30,94,36.2,0.208,23,0
131,2,74,47,33,79,33.3,0.391,29,0
132,4,108,66,41,268,29.4,0.495,38,0
133,1,114,76,46,80,55.6,0.295,22,0
134,4,142,88,35,115,32.9,0.261,52,1
135,2,85,53,47,181,44.2,0.268,23,0
136,1,106,67,30,163,32.2,0.256,39,1
137,5,107,72,23,156,29.5,0.413,27,0
138,6,124,56,25,185,29.1,0.403,25,0
139,4,165,65,26,254,31.8,0.137,31,1
140,4,104,83,41,29,46.5,0.437,38,0
141,1,108,87,31,121,35.2,0.261,24,0
142,3,114,69,23,135,25.7,0.678,39,0
143,8,91,64,26,53,23.0,0.151,42,0
144,11,168,65,35,182,37.4,0.527,34,1
145,9,125,90,32,167,32.6,0.184,49,1
146,3,195,86,44,591,48.6,0.148,40,1
147,0,193,62,34,119,31.0,0.23,23,1
148,2,69,60,32,14,31.6,1.132,67,0
149,13,131,72,31,411,48.9,0.629,35,1
150,0,199,97,41,402,59.2,0.337,21,1
151,0,107,91,27,92,34.8,0.156,33,1
152,1,181,60,38,107,38.6,0.787,22,1
153,1,122,86,52,146,54.6,0.356,30,1
154,10,174,97,33,220,33.7,0.285,61,1
155,1,116,84,24,21,39.7,0.145,21,0
156,0,135,62,40,145,37.3,0.28,22,0
157,5,127,66,33,327,22.6,0.633,43,0
158,4,96,54,36,14,28.4,0.175,21,0
159,4,126,77,17,121,32.2,0.816,37,1
160,0,104,64,16,326,32.2,0.446,22,1
161,1,89,56,17,286,29.7,0.294,25,0
162,5,160,86,33,103,34.8,0.702,31,1
163,12,113,57,25,289,24.1,0.419,51,0
164,9,105,51,33,77,33.5,0.168,35,0
165,1,102,60,11,16,22.1,0.193,24,0
166,4,96,82,21,41,34.7,0.2,47,0
167,1,99,65,13,14,23.0,0.409,29,0
168,3,195,75,41,252,32.2,1.119,26,1
169,8,112,72,34,168,26.0,0.31,39,1
170,8,97,63,42,84,42.2,0.182,39,0
171,0,138,76,36,191,44.8,0.617,23,1
172,1,153,74,28,175,28.7,0.653,40,0
173,0,112,72,15,136,24.9,0.313,23,0
174,0,190,77,34,312,33.6,0.374,23,0
175,9,124,64,10,115,18.7,0.139,29,0
176,4,97,45,36,203,40.7,0.361,22,0
177,1,123,81,35,78,37.4,0.303,22,0
178,1,85,63,39,125,41.8,0.251,25,0
179,1,102,68,22,187,39.7,0.233,27,0
180,4,145,75,20,119,26.6,0.219,23,0
181,5,73,67,13,92,34.3,0.399,58,0
182,5,192,69,28,312,27.6,0.587,40,1
183,1,99,51,18,73,26.4,0.955,22,0
184,2,95,53,18,53,23.7,0.528,25,0
185,8,130,53,22,126,26.4,0.324,30,0
186,6,181,53,36,192,42.6,0.584,32,1
187,1,115,73,28,94,27.8,0.147,22,0
188,1,119,79,17,131,27.3,1.215,33,1
189,1,125,72,22,124,27.0,0.507,40,0
190,6,95,61,17,93,30.1,0.683,31,0
191,12,81,91,31,39,35.4,0.481,61,0
192,0,81,53,12,14,26.9,0.688,26,1
193,12,111,78,22,197,36.3,0.977,57,0
194,5,113,86,30,225,42.8,0.125,31,0
195,3,120,46,16,65,24.3,0.143,21,0
196,9,170,80,33,307,39.5,0.105,52,1
197,3,113,56,27,17,35.5,0.729,24,0
198,4,108,78,20,153,35.7,0.616,24,1
199,0,111,105,37,77,23.2,0.164,21,0
200,7,90,75,49,43,36.4,0.246,41,0
201,0,155,62,27,52,26.3,0.627,22,0
202,2,163,83,51,200,47.2,0.251,50,1
203,1,102,77,30,56,26.3,0.517,26,0
204,5,155,65,20,180,26.1,0.472,44,1
205,5,127,72,21,94,24.2,0.483,38,0
206,6,87,71,18,188,18.7,0.648,27,0
207,2,107,84,42,105,46.5,0.584,33,0
208,4,184,66,28,492,31.4,0.251,21,1
209,5,109,76,42,26,40.1,1.322,29,1
210,2,106,85,35,264,34.9,0.519,32,0
211,1,146,49,28,546,29.8,0.406,27,1
212,4,151,88,30,288,35.0,0.189,48,0
213,2,100,93,37,111,41.7,0.163,30,0
214,0,195,74,30,199,38.4,0.254,23,1
215,6,67,63,28,69,24.4,0.3,25,0
216,13,150,84,36,41,31.6,0.789,49,0
217,5,96,64,41,269,31.8,0.859,21,0
218,9,138,72,34,255,35.7,0.947,35,1
219,4,95,74,38,385,38.3,0.324,41,0
220,13,104,78,29,373,30.7,0.35,44,1
221,4,57,59,25,17,27.0,0.489,53,0
222,5,141,80,36,221,30.5,0.589,57,0
223,5,86,95,48,167,36.7,0.492,41,0
224,1,93,62,21,143,34.3,1.664,32,0
225,9,193,89,38,473,32.6,0.248,44,1
226,6,124,60,14,244,24.0,0.294,23,0
227,1,124,73,14,93,25.3,0.413,22,0
228,10,171,83,19,413,30.3,0.874,56,1
229,5,65,65,28,40,24.9,0.174,35,0
230,4,138,73,40,122,38.2,0.461,42,0
231,1,139,87,43,134,43.2,0.248,30,1
232,0,94,61,18,153,30.1,0.648,27,0
233,1,181,91,21,108,33.3,0.311,38,1
234,1,112,80,32,250,29.4,0.338,25,1
235,3,109,64,17,72,32.1,0.556,21,1
236,1,103,60,30,61,30.4,0.418,21,0
237,0,140,80,42,377,45.7,0.685,21,0
238,0,84,70,32,50,28.8,0.569,46,0
239,5,131,68,34,105,37.6,0.56,30,1
240,1,115,71,23,29,33.4,0.183,26,0
241,6,184,93,30,228,27.1,0.542,61,0
242,5,100,75,23,272,34.1,1.522,37,0
243,2,153,88,44,316,32.3,0.23,23,1
244,0,118,76,37,126,42.2,0.678,23,1
245,13,76,70,19,80,19.9,0.183,37,0
246,15,108,78,29,50,30.9,0.934,44,1
247,11,124,96,29,421,34.3,0.422,59,0
248,1,127,92,42,44,29.3,0.126,27,0
249,1,108,70,20,135,33.2,0.258,23,0
250,2,116,44,29,215,26.2,0.152,29,0
251,7,125,87,32,220,27.8,0.189,50,1
252,4,86,72,13,42,25.5,0.585,42,0
253,4,93,62,10,99,27.0,0.24,22,1
254,5,84,82,33,90,23.6,0.117,33,0
255,10,115,60,39,39,33.1,0.274,60,0
256,0,101,66,27,72,24.0,0.174,22,0
257,9,153,83,20,357,34.0,1.227,43,1
258,9,97,84,31,96,34.7,0.913,25,1
259,1,134,60,16,161,22.4,0.782,32,0
260,13,145,100,47,378,48.5,0.325,54,1
261,1,123,66,48,211,45.7,0.394,21,0
262,4,129,73,30,170,40.1,0.781,30,1
263,4,100,63,25,133,36.8,0.222,21,0
264,0,159,76,61,171,52.2,0.627,26,1
265,4,117,68,34,264,34.0,0.288,26,1
266,10,94,101,37,112,31.0,0.278,49,0
267,5,97,49,41,75,29.0,0.082,27,0
268,2,122,60,26,85,24.5,0.243,36,0
269,3,88,68,11,105,24.5,0.79,21,0
270,6,143,51,28,128,22.3,0.544,32,0
271,0,125,68,32,177,38.6,0.307,37,1
272,8,122,53,22,222,26.3,0.34,56,0
273,4,112,74,30,46,36.7,0.652,25,0
274,2,98,68,22,137,34.0,0.462,23,0
275,12,137,91,24,238,30.8,0.545,49,1
276,2,151,80,29,285,32.7,0.682,45,0
277,8,146,76,17,83,28.3,0.251,55,0
278,1,59,77,40,22,34.4,0.839,42,0
279,4,93,73,36,57,31.9,0.716,27,0
280,3,129,59,16,14,19.5,0.12,22,0
281,0,105,41,15,67,23.5,1.358,21,1
282,8,124,67,35,132,26.0,0.124,26,0
283,8,142,113,42,142,33.6,0.701,52,1
284,1,116,93,31,144,38.1,0.539,39,0
285,4,190,79,41,346,37.7,1.275,36,1
286,9,110,88,34,62,30.1,0.396,54,1
287,1,83,69,37,120,34.0,0.229,29,0
288,1,100,62,26,90,35.2,0.205,22,0
289,6,77,59,14,20,27.8,0.092,43,1
290,0,114,74,26,130,43.9,0.551,23,0
291,3,123,75,28,188,36.0,0.412,25,1
292,1,63,35,21,111,26.2,0.514,24,0
293,4,132,71,11,99,25.9,0.412,26,0
294,10,130,62,18,104,20.1,0.084,41,0
295,2,88,63,44,248,49.7,0.573,36,1
296,0,115,89,15,200,29.0,0.122,22,0
297,3,121,57,12,241,24.7,0.167,39,0
298,5,103,75,41,24,27.8,0.551,52,0
299,9,111,85,35,80,33.6,0.319,47,1
300,3,140,81,41,91,31.1,1.184,31,1
301,0,104,66,30,103,38.3,0.935,21,0
302,5,126,79,33,140,34.8,0.372,44,1
303,3,107,64,43,285,37.6,0.557,25,0
304,1,117,64,32,232,35.3,0.122,22,0
305,9,127,75,23,173,29.2,0.216,40,1
306,1,99,59,29,83,43.2,0.196,21,0
307,4,74,84,27,52,34.6,0.227,54,0
308,10,130,69,63,559,33.7,0.216,58,1
309,5,140,80,23,253,23.3,0.319,35,0
310,4,122,70,32,82,37.5,0.282,34,0
311,3,174,70,25,42,30.0,0.235,43,1
312,12,100,83,41,14,36.0,0.311,47,0
313,4,94,59,35,19,23.3,0.323,31,0
314,7,112,84,47,141,36.0,0.572,46,1
315,1,125,79,30,100,35.4,0.71,30,0
316,8,189,73,34,344,43.9,0.137,45,1
317,8,150,73,38,290,34.8,0.284,31,1
318,5,121,69,43,430,28.6,0.696,39,0
319,13,139,78,42,241,32.7,0.371,65,0
320,10,131,74,21,143,27.8,0.785,53,1
321,11,144,88,17,105,35.3,0.283,47,0
322,2,164,105,38,192,41.4,0.633,40,1
323,6,168,71,31,264,33.5,0.784,52,1
324,4,117,90,33,18,43.3,0.402,25,0
325,0,153,65,23,103,34.3,0.223,31,1
326,2,105,81,30,199,31.3,0.129,24,0
327,1,86,77,17,106,26.5,0.29,21,0
328,0,93,52,14,102,29.1,0.155,21,0
329,6,121,75,32,174,30.5,0.226,35,1
330,0,180,73,26,271,35.7,0.296,34,1
331,0,91,44,35,45,45.0,0.479,22,0
332,4,142,70,20,142,34.4,0.298,34,0
333,11,123,89,36,146,30.7,0.775,46,1
334,0,126,53,15,146,22.1,0.732,21,0
335,2,180,81,46,199,50.0,0.51,53,1
336,0,88,76,23,105,28.6,0.495,24,0
337,0,108,76,49,14,45.1,0.762,21,1
338,2,98,74,28,262,37.8,0.239,22,0
339,0,150,66,45,403,43.6,0.975,23,1
340,0,107,56,20,21,32.2,1.457,22,0
341,9,135,94,47,263,36.3,0.211,52,1
342,8,180,75,45,120,39.8,0.959,61,1
343,2,115,53,32,50,31.5,0.373,30,0
344,7,93,73,36,27,36.4,1.353,24,1
345,4,189,100,32,195,41.4,1.621,45,0
346,6,198,73,32,605,39.8,0.333,55,1
347,4,110,62,26,165,40.2,0.173,38,0
348,1,131,65,15,338,24.4,0.239,42,0
349,7,107,74,22,261,39.7,0.907,37,0
350,3,134,79,21,173,30.2,0.257,39,0
351,2,98,61,36,121,25.6,0.313,24,0
352,3,140,52,14,247,32.7,0.083,23,0
353,6,84,79,28,26,33.0,0.11,31,1
354,0,184,80,47,318,39.3,0.875,25,1
355,0,120,72,29,93,31.3,0.431,22,0
356,5,144,67,25,131,23.7,0.484,40,0
357,5,130,72,41,75,31.2,0.454,41,1
358,9,139,73,44,224,31.5,1.264,53,1
359,0,128,77,29,126,27.7,0.3,23,0
360,5,100,62,30,33,33.9,0.294,31,0
361,2,81,44,20,69,38.5,0.246,27,0
362,3,120,80,22,95,33.4,0.296,29,0
363,3,178,67,32,175,31.0,0.364,32,0
364,12,105,63,19,80,29.0,0.111,40,0
365,0,105,56,29,53,30.0,0.259,24,0
366,9,105,83,27,75,33.6,0.227,39,0
367,2,117,74,32,143,29.3,0.613,63,0
368,0,74,69,24,173,28.8,0.35,23,0
369,1,161,90,39,400,43.1,0.654,46,1
370,2,139,79,38,302,42.7,0.272,21,0
371,5,166,61,31,60,31.4,1.283,24,1
372,10,117,66,16,154,30.3,0.511,53,1
373,4,121,90,50,149,63.8,0.289,27,1
374,10,89,86,27,166,27.5,0.422,78,0
375,4,75,76,12,54,19.9,0.295,32,0
376,1,97,90,31,97,45.3,0.374,32,0
377,3,136,96,43,49,35.1,0.238,53,0
378,9,105,58,32,139,32.2,0.232,38,1
379,6,105,79,21,128,28.1,0.198,56,0
380,1,92,73,19,67,30.0,0.235,34,0
381,1,94,83,58,26,37.5,0.4,26,1
382,5,90,79,23,16,43.4,0.532,33,1
383,0,117,72,22,50,25.4,0.403,23,0
384,8,118,69,20,58,31.4,0.409,50,0
385,1,92,76,12,174,27.1,0.285,23,0
386,2,117,61,16,96,29.7,0.17,50,0
387,6,108,81,16,167,34.1,0.134,36,1
388,10,73,66,28,120,24.9,0.764,27,0
389,0,130,61,19,67,23.5,0.75,21,0
390,1,99,74,33,14,39.7,0.146,27,0
391,2,118,75,43,86,40.1,0.837,24,1
392,1,99,96,40,150,32.1,0.922,31,0
393,4,93,85,36,259,33.4,0.381,30,1
394,10,107,85,30,182,30.9,1.209,43,0
395,3,165,65,30,311,36.0,0.222,42,1
396,0,169,79,26,574,39.0,1.319,52,1
397,0,163,65,48,285,42.1,0.747,28,1
398,0,105,53,18,173,22.3,0.713,24,0
399,6,113,73,16,191,26.9,0.137,40,0
400,0,100,60,31,170,29.4,0.348,23,0
401,1,129,74,45,95,43.4,0.401,23,1
402,1,100,80,39,52,38.2,0.18,37,0
403,5,114,82,22,84,29.5,0.235,54,0
404,6,124,81,27,142,26.7,0.098,26,0
405,6,125,69,31,247,22.9,0.493,63,0
406,3,140,68,25,114,36.7,0.318,30,1
407,6,104,80,33,86,34.1,0.252,42,0
408,3,134,79,17,282,26.5,0.719,23,0
409,2,102,82,38,322,41.1,2.257,23,1
410,6,187,87,27,189,30.1,0.281,39,1
411,0,80,71,22,21,20.9,0.435,25,0
412,7,123,70,36,175,36.0,0.593,29,0
413,0,141,66,22,186,27.5,0.131,21,0
414,7,102,85,22,54,33.6,0.131,53,0
415,9,140,86,12,129,33.9,0.273,41,1
416,1,98,71,18,202,28.4,0.339,22,0
417,1,108,96,30,90,37.8,0.176,22,0
418,0,84,73,12,17,24.6,0.32,22,0
419,5,108,70,28,122,20.5,0.407,58,0
420,5,97,60,23,120,25.3,0.824,25,0
421,4,124,81,25,137,39.0,0.301,43,1
422,2,110,63,52,251,46.3,0.895,40,0
423,7,114,59,23,49,23.3,0.103,47,0
424,2,70,57,31,74,31.5,2.291,40,0
425,5,133,65,49,99,48.8,0.349,24,1
426,0,168,52,29,147,26.7,0.733,38,1
427,1,111,64,20,116,32.2,0.284,40,1
428,3,131,68,37,167,39.9,2.157,26,1
429,0,84,52,17,14,22.2,0.231,24,0
430,1,69,52,28,14,28.5,0.245,22,0
431,8,112,75,16,149,23.2,0.26,55,0
432,7,116,80,35,211,32.5,1.249,38,1
433,7,117,55,19,130,23.8,0.277,43,1
434,5,106,69,20,255,26.4,0.67,24,0
435,4,142,61,35,169,27.7,0.835,35,1
436,4,96,80,15,98,30.8,0.229,60,1
437,2,92,74,30,112,32.1,0.257,26,0
438,2,99,78,50,174,36.3,0.115,35,1
439,8,167,87,32,172,31.0,0.52,52,1
440,2,113,61,8,111,20.0,0.47,25,0
441,0,88,72,44,14,35.9,1.069,23,0
442,4,148,90,30,237,40.1,0.327,43,1
443,1,97,74,15,14,25.8,0.233,21,0
444,0,105,63,16,55,23.9,0.237,22,0
445,11,98,68,20,70,33.6,0.215,39,0
446,4,90,68,21,178,24.7,0.126,25,0
447,9,98,80,33,231,33.9,0.255,22,0
448,0,61,51,27,33,19.8,0.357,21,0
449,7,176,85,30,150,32.0,0.242,45,1
450,3,100,68,37,95,31.3,0.917,28,1
451,1,128,62,37,167,26.9,0.128,23,0
452,0,147,95,28,173,24.1,0.255,22,0
453,1,110,78,18,68,34.8,0.265,33,0
454,10,136,65,31,302,35.5,0.239,43,0
455,3,107,61,38,111,31.2,0.934,27,0
456,2,131,80,27,151,42.5,0.538,26,0
457,9,156,88,31,167,37.1,0.859,49,1
458,6,104,69,26,84,25.4,0.225,48,0
459,5,109,64,13,68,22.2,0.09,29,0
460,2,87,92,30,110,24.2,1.034,36,0
461,6,115,74,30,146,32.6,1.137,42,1
462,1,181,63,28,312,33.2,0.457,24,1
463,6,101,76,27,76,27.5,0.238,38,0
464,0,135,64,34,82,36.3,0.147,22,0
465,2,138,89,45,188,38.0,0.379,25,0
466,8,122,92,40,314,45.0,0.53,62,0
467,2,84,61,17,14,22.0,0.274,28,0
468,6,123,74,45,90,35.2,0.631,40,1
469,7,169,87,14,202,25.2,0.124,58,1
470,1,157,55,12,150,20.8,0.156,23,0
471,2,98,79,31,99,30.0,0.426,22,0
472,0,80,63,11,14,23.0,0.965,22,0
473,9,190,80,13,481,35.9,0.308,27,1
474,4,76,64,33,82,38.9,0.362,40,0
475,2,135,63,28,241,27.6,0.684,33,1
476,3,91,77,81,148,65.4,1.217,22,1
477,7,96,91,28,84,30.5,0.09,44,0
478,4,123,68,25,159,32.5,0.41,42,1
479,1,153,84,40,232,43.4,0.227,28,1
480,2,75,73,26,15,38.6,0.495,25,0
481,0,96,60,16,29,28.0,0.203,21,0
482,1,150,74,12,103,23.0,0.642,29,0
483,0,70,59,22,57,26.3,0.218,21,0
484,7,112,61,33,144,36.0,0.857,44,1
485,9,77,76,14,21,19.9,0.093,22,0
486,6,195,57,17,565,25.2,0.341,33,1
487,1,122,70,23,67,29.6,0.367,30,0
488,1,199,91,28,311,40.7,0.148,31,0
489,7,122,81,40,381,39.1,0.733,37,0
490,2,75,81,26,17,37.9,0.737,56,0
491,2,104,80,15,114,28.7,0.877,29,0
492,7,109,62,32,383,25.1,0.148,55,1
493,2,86,82,19,156,35.5,0.806,51,0
494,6,137,72,43,188,45.7,0.298,25,0
495,0,86,78,43,62,36.4,0.452,26,0
496,6,150,86,32,248,44.3,0.793,36,1
497,7,137,67,28,210,29.3,0.391,40,1
498,3,117,52,28,106,29.0,0.555,26,1
499,4,135,49,41,148,34.1,0.224,26,1
500,1,104,62,12,160,22.2,0.24,36,0
501,3,167,73,26,203,26.0,0.349,52,1
502,1,138,102,32,108,42.2,0.597,38,1
503,10,104,61,23,308,24.8,0.306,23,0
504,6,152,57,18,316,25.2,0.304,33,0
505,10,175,90,22,128,35.2,0.45,58,0
506,4,151,76,37,802,39.2,0.966,35,1
507,1,106,69,28,284,34.2,0.631,30,0
508,0,104,50,9,14,22.0,0.227,23,0
509,3,70,62,26,84,29.0,0.253,23,0
510,0,63,61,27,100,23.7,0.3,21,0
511,1,183,87,39,475,46.6,0.427,33,0
512,11,156,99,37,138,29.7,0.196,59,1
513,11,188,82,27,535,27.9,0.388,57,1
514,1,182,78,35,194,38.8,0.802,53,1
515,7,128,78,23,61,31.7,0.801,59,1
516,4,137,65,39,157,33.9,1.324,39,0
517,0,102,69,39,68,34.0,0.409,21,0
518,9,168,81,32,163,34.1,0.246,59,1
519,1,81,79,38,60,45.1,0.232,41,0
520,4,147,82,32,78,30.0,0.797,37,1
521,2,126,76,31,123,47.1,0.175,34,0
522,3,117,62,34,145,35.3,0.491,37,0
523,2,88,70,37,135,34.8,0.602,22,0
524,1,105,62,16,72,20.1,0.21,21,0
525,3,137,61,24,387,23.4,0.135,53,1
526,5,149,73,20,249,24.5,0.64,45,0
527,2,125,82,32,303,39.1,0.983,36,0
528,1,84,62,28,94,28.0,0.414,27,0
529,4,124,81,31,59,39.4,0.507,28,0
530,8,107,68,27,51,20.5,0.299,39,0
531,4,152,81,34,170,35.4,0.288,45,1
532,1,90,63,10,50,28.2,0.439,25,0
533,13,155,85,32,300,42.5,0.698,61,1
534,0,101,62,12,133,30.0,0.547,24,0
535,10,171,72,36,207,31.8,0.153,62,1
536,12,149,78,50,112,37.5,0.48,43,0
537,1,91,58,16,44,26.4,0.314,28,0
538,7,136,83,30,164,33.2,0.203,33,1
539,2,122,61,22,71,24.6,0.299,23,0
540,1,102,77,27,71,35.4,0.469,29,0
541,8,100,90,19,309,29.8,0.421,32,0
542,4,110,59,19,22,20.0,1.439,39,0
543,6,137,80,29,139,29.8,0.238,57,0
544,3,112,76,42,269,32.9,0.208,26,1
545,9,111,79,33,159,41.3,0.245,48,1
546,12,192,69,32,445,33.6,0.366,66,1
547,0,105,78,38,226,34.4,0.239,25,0
548,11,187,69,33,210,35.6,0.67,51,1
549,5,126,73,50,555,35.5,0.795,32,0
550,6,119,78,34,96,27.2,0.443,51,1
551,4,107,66,40,127,40.6,0.851,25,1
552,2,108,76,22,75,32.9,0.68,29,0
553,0,96,85,39,113,37.8,0.431,24,0
554,4,115,77,24,109,34.3,0.236,48,1
555,2,117,75,45,177,37.1,1.113,27,0
556,1,75,52,19,20,24.1,0.198,22,0
557,2,62,52,30,104,25.7,0.427,21,0
558,3,112,60,18,73,22.7,0.227,29,0
559,0,116,71,8,125,22.9,0.861,22,0
560,6,111,60,13,98,29.0,0.23,37,0
561,7,100,72,29,132,41.6,0.997,31,1
562,8,105,64,43,181,45.7,1.049,30,1
563,3,94,67,36,119,29.9,0.63,26,0
564,1,86,65,42,50,37.2,0.116,21,0
565,6,111,77,44,153,40.6,1.291,28,1
566,2,119,58,41,648,36.1,0.281,23,0
567,1,113,67,18,83,20.5,0.863,35,0
568,2,104,55,17,74,26.9,0.776,25,0
569,2,110,57,9,167,31.7,0.726,22,0
570,6,135,72,42,153,46.2,0.813,31,1
571,5,167,105,32,33,31.2,0.413,51,1
572,5,144,74,40,217,37.6,1.265,32,1
573,8,140,84,33,200,33.8,0.104,28,0
574,8,153,88,33,52,28.3,0.267,42,1
575,2,176,76,39,503,41.3,0.657,37,1
576,9,145,80,33,109,27.7,0.325,58,0
577,0,199,82,24,137,25.8,0.496,30,1
578,6,135,79,48,231,39.7,0.355,57,0
579,2,97,63,17,78,24.0,0.188,23,0
580,4,145,81,29,275,46.3,0.433,24,0
581,4,168,69,32,400,40.5,0.802,53,1
582,0,140,72,31,156,42.3,0.974,32,1
583,2,73,89,16,22,30.4,0.266,50,0
584,0,109,56,30,109,34.4,0.787,27,0
585,8,143,95,14,153,24.2,1.047,49,0
586,0,91,58,16,79,38.4,0.257,23,0
587,4,104,53,26,91,26.2,1.322,38,0
588,1,126,55,36,293,27.9,0.196,35,0
589,1,129,57,33,317,26.3,0.328,36,1
590,3,144,88,37,26,28.6,0.155,35,0
591,0,145,68,37,118,37.4,0.402,29,1
592,5,85,80,17,14,28.2,0.507,60,0
593,4,126,81,58,156,34.3,0.224,54,1
594,7,186,79,35,469,32.6,0.281,65,1
595,0,132,53,23,151,38.3,0.587,27,0
596,2,106,54,26,124,37.4,0.931,41,0
597,5,122,69,29,40,31.8,0.169,22,0
598,13,119,80,20,174,26.6,2.31,61,1
599,9,103,66,10,23,19.5,0.511,59,0
600,1,124,82,37,219,33.6,0.739,27,0
601,0,69,24,11,82,21.3,0.487,21,0
602,0,135,72,28,190,40.6,0.798,34,0
603,1,73,64,19,19,36.2,0.256,38,0
604,5,105,84,30,188,36.9,0.298,43,0
605,0,161,70,19,293,29.7,0.313,24,1
606,4,132,71,32,185,30.4,0.481,25,0
607,3,191,67,25,227,31.0,0.263,32,1
608,1,125,62,14,232,30.5,0.218,22,0
609,2,91,66,13,81,24.1,0.298,23,0
610,11,89,79,42,112,45.1,0.255,69,0
611,10,150,107,34,84,34.0,0.721,46,1
612,4,109,68,33,153,32.4,0.661,29,1
613,9,170,68,31,466,36.7,0.544,29,1
614,3,106,62,18,14,23.5,0.147,22,0
615,5,186,88,30,189,34.2,0.231,44,1
616,9,137,76,34,170,33.1,0.587,50,1
617,4,144,79,28,77,27.4,0.511,47,1
618,2,132,73,25,251,33.9,0.827,29,0
619,9,159,85,30,182,49.3,0.699,33,1
620,1,125,61,21,278,28.5,0.367,25,0
621,1,106,59,19,88,22.5,0.407,22,0
622,8,94,63,34,95,35.6,0.705,24,1
623,4,96,78,38,140,35.1,0.503,28,0
624,2,104,73,38,84,38.0,0.42,25,0
625,3,152,84,38,278,31.5,0.318,28,0
626,1,106,54,25,36,37.8,0.361,21,1
627,5,111,74,24,60,22.2,0.238,60,0
628,3,110,73,21,159,36.6,0.166,28,0
629,4,147,85,38,281,40.8,0.265,70,0
630,1,156,73,49,133,43.6,0.591,28,1
631,0,179,75,29,119,34.3,0.221,22,1
632,3,126,72,28,109,32.2,0.657,23,0
633,0,137,76,30,181,30.6,0.21,38,1
634,5,86,56,15,48,23.4,0.363,28,0
635,1,100,72,29,52,26.2,0.678,26,0
636,3,74,54,21,32,31.8,0.227,31,0
637,10,92,73,29,192,33.7,0.329,42,0
638,1,77,78,41,66,35.6,0.675,27,0
639,3,146,92,38,51,33.4,0.83,39,1
640,2,119,83,35,282,45.0,0.257,27,0
641,1,84,64,12,14,18.3,1.005,27,0
642,6,159,75,28,325,30.2,0.562,36,1
643,1,96,73,14,98,27.9,0.325,23,0
644,9,97,57,7,409,26.0,0.179,22,0
645,8,93,81,21,14,27.1,0.293,48,1
646,8,141,76,26,22,30.1,0.256,35,1
647,4,124,76,24,105,34.0,0.454,44,0
648,3,133,69,44,139,34.3,0.807,23,1
649,6,111,87,12,49,28.4,0.67,36,0
650,2,88,68,21,14,20.7,0.171,31,0
651,1,162,60,28,297,36.9,0.212,21,1
652,3,162,71,18,119,29.4,0.312,43,1
653,8,79,57,19,98,22.9,0.178,31,0
654,1,199,74,31,353,27.9,1.796,29,1
655,5,183,81,22,479,34.3,0.635,45,1
656,10,126,96,25,162,22.7,0.251,65,0
657,8,133,83,34,305,38.4,0.601,46,1
658,8,174,68,33,310,33.5,0.194,25,1
659,8,110,84,30,154,38.1,0.249,58,1
660,5,184,87,29,314,41.9,0.226,58,1
661,1,106,51,10,163,19.0,0.863,22,0
662,2,135,70,29,195,41.9,0.378,42,1
663,2,112,69,13,130,25.3,0.347,34,1
664,1,121,89,35,137,39.9,0.204,29,1
665,0,187,82,22,389,35.3,0.27,25,1
666,0,79,50,19,55,31.9,1.147,22,0
667,1,99,79,28,169,33.0,0.389,28,0
668,3,108,101,56,99,56.5,0.616,46,0
669,3,91,48,27,179,31.3,1.2,28,1
670,6,157,78,30,306,36.6,1.013,43,1
671,9,111,83,20,216,38.1,0.252,27,0
672,2,145,76,30,135,33.6,0.151,25,0
673,4,179,87,31,185,33.6,0.466,34,1
674,1,120,69,30,240,35.5,0.555,21,0
675,2,183,78,39,128,48.2,1.268,29,1
676,3,140,78,24,84,21.7,0.133,31,0
677,3,156,83,34,133,38.1,0.162,37,0
678,1,119,74,31,253,39.4,0.765,25,0
679,10,159,111,48,206,41.0,0.542,38,1
680,4,157,65,21,279,30.2,0.446,24,0
681,1,144,61,13,165,33.4,1.731,26,0
682,0,102,60,38,49,33.6,0.197,29,0
683,4,141,73,25,112,23.2,0.536,58,1
684,2,96,78,38,39,32.6,0.193,34,0
685,3,93,65,30,58,31.7,1.242,32,1
686,4,108,64,22,220,30.1,0.574,38,1
687,7,134,104,20,129,34.3,0.255,40,1
688,1,97,78,27,175,44.6,0.276,32,0
689,6,100,62,19,136,31.0,0.434,28,0
690,3,140,72,33,178,31.8,0.256,45,1
691,3,110,62,9,102,23.0,0.443,25,0
692,0,118,77,27,237,26.8,0.277,29,1
693,1,57,31,16,14,21.8,0.249,26,0
694,2,167,88,30,204,41.5,0.243,39,1
695,1,93,79,41,18,30.4,0.217,22,0
696,1,103,70,9,57,27.0,0.267,21,0
697,1,106,64,14,70,24.7,0.447,26,0
698,7,150,83,41,222,35.0,0.528,50,1
699,4,87,77,34,27,30.0,0.357,37,0
700,8,97,74,21,14,29.3,0.268,48,0
701,7,105,55,25,69,21.1,0.361,22,0
702,9,75,68,11,77,29.0,0.078,27,0
703,10,138,89,32,293,36.9,0.395,54,1
704,3,160,50,23,164,23.0,0.551,25,0
705,0,134,81,49,182,48.7,0.584,22,1
706,3,102,71,9,19,19.1,0.213,22,0
707,6,146,88,22,213,29.1,0.331,66,0
708,7,98,60,40,113,33.3,0.313,30,0
709,1,119,73,26,14,26.6,0.429,22,0
710,7,119,81,24,167,30.4,0.374,43,1
711,2,98,75,37,227,45.5,0.31,24,0
712,10,104,73,37,119,35.1,0.522,25,1
713,1,119,59,17,278,30.9,0.572,22,0
714,2,84,62,8,29,22.5,0.195,28,0
715,1,92,71,12,45,24.1,0.155,21,0
716,6,119,65,51,129,36.4,0.225,41,0
717,10,62,65,20,26,20.2,0.103,47,0
718,1,113,74,32,56,35.1,0.254,22,0
719,8,158,74,17,149,33.9,0.219,40,1
720,4,116,90,39,110,31.1,0.374,33,1
721,1,168,89,32,151,39.4,0.747,25,1
722,1,73,67,17,26,20.4,0.427,27,0
723,9,114,59,28,180,29.8,0.312,48,1
724,2,172,77,43,261,45.2,0.598,36,1
725,2,75,61,33,14,30.1,0.328,30,0
726,8,187,110,51,205,46.2,0.645,49,1
727,2,85,61,30,238,42.7,0.164,22,0
728,0,111,64,24,164,25.8,0.206,43,1
729,2,186,77,31,488,34.9,0.163,59,1
730,1,87,79,23,77,24.9,0.522,26,0
731,0,85,75,28,14,34.5,0.489,24,0
732,3,104,52,16,41,23.4,0.65,29,0
733,1,126,70,33,175,32.0,0.338,37,1
734,3,86,67,28,131,18.3,0.136,21,0
735,6,141,79,38,106,33.1,0.229,47,1
736,0,145,71,31,173,36.6,0.476,22,0
737,1,135,70,17,249,23.5,0.319,25,0
738,10,105,83,31,14,28.4,0.143,29,0
739,1,69,64,11,17,23.1,0.122,23,0
740,3,131,77,31,38,26.6,0.335,65,0
741,5,110,64,12,312,19.7,0.802,47,0
742,11,148,61,17,114,28.7,1.023,28,1
743,3,93,88,26,88,28.6,0.246,23,0
744,8,120,70,35,206,33.3,0.284,39,1
745,5,180,77,31,148,32.8,0.438,60,0
746,4,111,80,41,302,36.8,1.151,43,0
747,5,141,82,36,160,39.4,0.186,38,1
748,3,125,50,13,287,24.3,0.224,45,0
749,2,89,81,22,166,36.2,0.664,40,0
750,4,108,70,25,285,32.2,0.193,36,0
751,5,96,64,28,87,24.2,0.226,27,0
752,7,94,68,28,98,22.5,0.231,23,0
753,2,128,79,33,107,28.4,0.35,30,0
754,1,111,71,30,323,34.6,0.469,28,1
755,0,79,66,35,25,24.1,0.321,30,0
756,6,90,74,29,148,23.8,0.221,23,0
757,2,146,75,28,137,24.9,0.274,27,0
758,4,90,70,26,115,32.7,1.377,45,1
759,7,126,71,19,155,32.5,0.64,25,1
760,7,113,77,47,122,36.1,0.426,45,1
761,3,111,68,13,306,29.2,0.169,54,0
762,3,121,59,29,197,32.4,0.276,46,1
763,13,117,70,31,347,30.0,1.123,52,0
764,1,166,87,36,73,35.8,0.324,26,1
765,0,117,78,22,96,37.4,0.14,25,0
766,3,103,69,16,97,23.2,0.324,31,1
767,11,103,74,26,14,20.4,0.128,34,0
768,1,112,66,21,72,31.6,0.143,29,0
769,4,123,67,22,211,30.2,0.172,26,0
770,0,143,76,32,133,30.2,0.401,26,1
771,1,162,96,12,99,31.4,0.424,41,0
772,0,147,95,52,400,35.3,0.77,39,1
773,1,169,89,41,216,43.7,0.181,39,1
774,3,114,51,35,145,25.4,0.23,30,1
775,6,110,78,24,196,26.4,0.39,28,0
776,5,151,95,24,202,29.9,0.29,30,0
777,4,72,60,8,14,22.1,0.135,26,0
778,8,114,69,15,255,23.3,0.335,54,1
779,9,111,79,26,134,33.3,0.452,54,1
780,1,116,73,24,144,27.6,0.112,36,0
781,1,92,69,15,271,33.0,0.927,21,0
782,6,147,77,50,194,38.1,1.363,32,0
783,0,84,79,36,69,30.4,0.294,32,0
784,8,121,68,31,140,33.9,0.271,40,1
785,2,103,77,26,69,40.0,0.446,26,0
786,3,111,66,33,396,25.3,0.902,23,0
787,4,123,81,25,176,27.8,0.307,43,0
788,0,137,71,31,129,29.7,0.487,33,1
789,7,110,53,22,133,27.0,0.678,31,1
790,9,147,79,31,412,26.0,0.293,68,0
791,4,145,62,14,194,28.3,0.319,24,1
792,5,127,89,24,15,26.1,0.291,27,0
793,0,109,73,24,220,32.6,0.653,21,0
794,2,105,74,41,214,27.6,0.315,37,0
795,4,129,114,32,148,45.2,0.393,63,0
796,0,105,45,25,104,33.0,0.391,21,0
797,7,113,63,29,95,26.8,0.274,62,0
798,0,197,72,32,236,36.8,0.403,45,1
799,6,108,69,33,36,33.8,0.339,36,1
800,4,156,64,27,142,32.4,0.306,22,0
801,5,137,77,39,467,34.5,0.894,46,0
802,12,94,55,26,112,30.4,0.181,34,0
803,1,111,72,28,127,35.1,0.306,30,0
804,1,120,94,24,80,28.4,0.151,23,0
805,1,111,73,29,98,30.1,0.221,26,0
806,1,185,72,31,334,33.4,0.328,39,1
807,8,125,83,36,136,36.1,0.279,57,1
808,1,104,69,34,150,37.0,0.585,24,0
809,7,179,67,27,265,34.9,0.512,45,1
810,1,120,92,29,109,32.0,0.458,29,0
811,7,125,82,20,249,36.7,0.156,36,0
812,6,181,75,43,244,43.5,0.305,42,1
813,9,95,80,29,67,31.5,0.884,67,0
814,10,159,70,26,123,35.8,0.402,35,1
815,5,110,86,37,14,34.7,0.352,30,1
816,11,113,82,46,141,40.4,0.545,36,1
817,5,180,109,37,194,46.0,1.233,61,1
818,12,118,76,31,142,36.1,0.237,61,0
819,7,121,81,33,325,51.7,0.376,50,1
820,1,118,70,26,99,33.7,0.088,22,0
821,6,122,74,26,147,23.3,0.396,34,0
822,0,87,74,9,162,19.7,0.741,21,0
823,3,98,76,22,92,18.4,0.38,25,0
824,3,85,62,37,74,39.5,0.442,27,0
825,0,183,57,36,246,30.7,0.447,23,1
826,10,162,79,26,499,27.8,0.581,50,1
827,4,151,71,19,135,37.7,0.361,48,1
828,0,128,82,30,441,39.1,0.4,43,1
829,5,115,56,30,206,40.0,0.831,31,0
830,8,100,75,18,161,32.5,0.732,27,0
831,5,121,63,34,153,36.6,0.187,45,0
832,8,160,75,33,193,31.5,0.357,27,1
833,1,139,70,17,288,29.0,0.21,22,0
834,6,166,62,28,417,32.7,1.334,24,1
835,3,141,75,42,215,44.8,0.219,26,1
836,5,85,81,14,88,36.0,0.229,23,0
837,2,157,69,35,142,36.1,0.161,27,1
838,1,130,100,37,100,36.2,0.166,21,0
839,5,100,65,42,270,33.2,0.286,28,1
840,8,137,64,9,186,32.8,0.433,32,1
841,3,105,69,27,158,33.2,0.611,31,0
842,1,122,67,32,228,27.7,0.389,23,0
843,0,199,78,18,368,43.9,0.541,24,1
844,0,87,69,28,62,34.3,0.608,21,0
845,2,118,68,16,56,22.6,0.669,25,0
846,0,149,74,36,101,31.7,0.191,39,1
847,5,117,57,29,324,29.9,0.231,31,0
848,12,104,83,25,107,29.6,0.433,40,0
849,0,100,63,10,26,25.5,0.236,21,0
850,3,76,63,9,276,22.8,0.383,21,0
851,0,103,60,14,105,28.1,0.871,24,0
852,0,93,78,32,51,25.0,0.22,21,0
853,3,97,87,28,33,24.2,0.198,34,0
854,8,158,69,31,378,31.4,0.301,29,1
855,0,169,78,26,224,42.2,0.354,24,1
856,9,148,88,18,57,26.2,0.189,41,0
857,2,162,71,43,239,35.9,0.708,26,1
858,4,109,90,31,284,29.9,0.173,22,0
859,4,180,88,29,225,40.0,0.078,60,1
860,3,147,91,29,179,33.6,0.216,39,0
861,0,58,90,27,48,35.1,0.45,21,0
862,2,102,68,34,145,34.8,0.408,25,0
863,0,183,83,34,304,31.2,0.145,52,1
864,5,174,74,34,365,37.2,0.23,53,1
865,1,128,66,19,177,27.1,1.553,28,1
866,0,88,58,17,17,27.9,0.444,23,0
867,1,100,50,15,186,21.6,0.781,27,0
868,3,118,62,16,70,34.4,0.167,27,0
869,5,97,83,46,45,40.3,0.439,49,0
870,2,95,64,31,317,36.4,0.165,21,0
871,3,100,78,19,140,23.9,0.3,36,0
872,0,101,73,22,76,34.1,0.219,22,0
873,0,84,68,33,51,26.4,0.742,25,0
874,2,74,59,35,36,40.3,0.505,39,0
875,9,101,77,23,169,24.4,0.482,41,0
876,4,155,64,22,417,29.7,0.347,28,0
877,3,110,68,23,209,24.6,0.65,21,0
878,13,90,77,51,105,35.7,0.836,30,0
879,6,115,87,24,91,31.1,1.627,46,1
880,1,127,72,30,111,35.9,0.926,25,0
881,5,61,63,22,21,23.1,0.594,23,0
882,2,158,82,37,155,28.1,0.351,31,1
883,0,126,71,27,156,28.5,0.388,22,0
884,1,121,75,25,86,23.7,0.342,27,0
885,1,80,65,27,23,38.8,0.758,21,0
886,3,139,82,22,279,29.3,0.317,23,0
887,2,149,59,15,172,23.3,0.279,26,0
888,1,137,62,32,86,44.7,0.351,27,0
889,1,137,67,46,172,38.5,0.135,27,1
890,1,109,79,28,104,31.1,1.01,23,0
891,5,106,79,48,22,45.6,0.178,30,0
892,3,116,77,41,283,32.5,0.168,23,0
893,9,100,68,30,18,33.7,0.179,37,0
894,2,123,72,22,333,42.8,0.589,24,0
895,0,100,58,12,111,24.8,0.516,21,0
896,8,157,85,43,243,42.7,0.127,26,1
897,5,146,66,28,200,39.4,0.706,22,1
898,10,103,88,27,40,22.7,0.771,50,1
899,3,76,60,22,26,35.9,0.207,21,0
900,8,78,69,15,72,30.6,1.02,60,0
901,0,127,74,29,129,38.2,0.462,22,0
902,4,113,105,42,263,37.5,1.295,62,1
903,0,106,70,23,62,27.0,0.39,22,0
904,3,137,69,57,28,40.8,0.72,44,1
905,6,104,76,39,137,34.2,0.391,32,0
906,9,100,75,28,172,23.9,0.459,40,0
907,8,112,77,21,328,23.8,0.121,44,1
908,0,147,80,46,185,45.7,0.481,32,0
909,3,169,67,36,163,30.0,0.252,29,1
910,5,114,88,48,15,41.2,0.154,44,1
911,1,96,69,21,162,34.9,0.53,28,0
912,4,123,67,28,74,27.4,0.459,25,0
913,1,100,63,32,272,37.5,1.364,27,0
914,5,115,83,31,23,36.0,0.506,33,1
915,6,128,72,9,181,23.0,1.15,38,0
916,10,116,76,27,261,28.3,0.276,69,0
917,5,144,49,10,505,26.7,0.695,24,1
918,3,99,74,20,92,25.4,0.179,23,0
919,4,120,84,33,177,36.7,0.349,31,1
920,2,179,90,33,194,42.7,0.347,31,1
921,2,83,81,27,14,31.4,0.187,25,0
922,4,87,82,38,31,40.5,0.233,24,0
923,0,134,78,39,235,48.1,0.725,25,1
924,8,139,53,7,57,19.3,0.191,39,0
925,2,124,74,38,198,26.6,0.162,34,0
926,1,101,95,35,95,35.5,0.926,21,0
927,0,98,64,37,75,29.5,0.168,21,0
928,4,92,74,15,22,26.2,0.126,42,0
929,1,120,74,18,91,29.2,0.219,31,0
930,2,154,87,39,297,38.4,0.353,66,0
931,1,118,74,30,163,38.7,0.429,24,0
932,6,109,35,38,146,31.3,0.173,50,1
933,3,73,56,26,25,31.2,0.302,21,0
934,3,170,78,27,184,29.9,0.913,28,1
935,3,199,102,50,223,39.6,0.29,55,1
936,7,155,77,18,197,27.9,0.256,41,1
937,3,97,71,22,44,38.2,0.618,23,0
938,1,85,58,31,61,31.4,0.214,31,0
939,4,161,82,49,378,44.4,1.03,25,1
940,12,109,61,12,67,22.9,0.393,59,1
941,4,141,82,24,297,28.6,0.6,63,0
942,2,106,75,31,37,34.1,0.597,34,0
943,4,91,72,28,169,32.2,0.66,28,0
944,7,156,60,30,290,35.9,0.211,57,0
945,6,167,86,33,186,28.3,0.98,45,1
946,0,124,64,26,145,25.3,0.329,23,0
947,0,136,82,25,223,33.2,1.229,34,1
948,9,97,88,10,83,20.7,0.423,72,0
949,1,114,68,30,92,32.3,0.868,47,0
950,1,91,69,13,63,27.8,0.391,25,0
951,2,100,86,46,62,40.8,0.748,26,0
952,2,111,87,18,132,30.8,0.285,42,0
953,6,82,66,26,76,26.3,0.84,34,0
954,1,118,85,23,82,24.8,0.173,26,0
955,6,164,68,17,473,28.6,0.246,23,0
956,1,101,64,39,219,40.2,1.597,26,0
957,3,129,88,30,220,34.3,0.474,36,1
958,0,169,83,32,275,42.1,1.04,33,1
959,1,129,57,48,288,42.5,0.588,38,0
960,1,68,62,15,43,28.9,0.139,24,0
961,10,113,44,31,320,31.4,0.4,37,1
962,5,109,87,26,143,30.0,0.325,64,0
963,4,92,50,16,146,23.7,0.204,49,0
964,7,132,52,31,167,29.8,0.591,30,1
965,1,103,57,20,492,40.3,0.487,21,0
966,5,199,102,29,538,44.0,0.346,64,1
967,1,117,56,41,177,44.6,1.697,26,0
968,4,116,50,13,23,24.4,0.254,26,0
969,8,138,97,35,193,34.9,0.545,43,1
970,5,86,61,24,96,28.8,0.231,30,0
971,1,65,63,12,19,21.9,0.217,21,0
972,1,169,71,29,323,43.6,2.385,23,1
973,10,97,70,50,96,47.1,0.424,60,0
974,0,115,81,22,193,24.9,0.193,26,0
975,0,72,78,16,37,26.1,0.853,22,0
976,1,81,59,24,198,31.2,0.53,32,0
977,4,175,90,13,332,28.9,0.704,50,0
978,3,86,59,36,29,32.7,0.189,22,0
979,1,163,65,33,286,38.4,0.322,27,1
980,1,112,84,17,127,32.3,0.351,25,0
981,4,181,67,46,173,33.5,0.588,30,1
982,0,99,86,24,210,33.8,0.211,25,0
983,3,140,75,11,155,22.1,0.178,24,0
984,10,100,51,18,96,26.9,0.171,24,1
985,0,108,75,31,118,26.0,0.617,24,0
986,1,129,80,41,194,35.1,0.3,42,0
987,0,55,50,31,52,27.3,0.221,24,0
988,8,192,83,22,186,35.4,0.354,61,0
989,6,184,48,29,370,30.6,0.16,31,1
990,0,112,49,39,485,24.7,0.457,25,0
991,8,129,65,17,161,32.8,0.314,22,1
992,11,179,65,41,185,30.3,0.733,44,1
993,0,185,103,41,185,41.8,0.255,46,1
994,4,110,65,35,195,34.2,0.13,28,1
995,2,95,93,38,96,35.5,0.284,38,0
996,10,99,66,39,20,27.9,0.172,25,0
997,7,111,88,24,488,22.9,0.274,40,0
998,1,143,83,18,110,28.8,1.283,53,0
999,10,90,67,30,76,35.8,0.606,36,0
1000,0,133,75,23,99,32.3,0.834,24,0
1001,6,152,68,33,320,31.3,0.159,54,1
1002,2,103,70,27,107,30.8,0.448,44,0
1003,5,96,61,26,156,35.0,0.168,37,0
1004,9,105,107,39,159,40.9,0.282,62,1
1005,8,74,77,16,14,22.7,0.143,49,0
1006,1,191,66,29,173,33.9,1.088,29,1
1007,2,159,61,36,249,29.1,0.655,29,0
1008,0,127,70,31,135,33.2,0.512,23,1
1009,2,146,79,66,164,42.0,0.22,25,1
1010,4,127,81,42,148,29.7,0.173,24,0
1011,2,117,79,22,127,27.3,1.15,31,0
1012,5,148,73,29,186,35.7,0.213,34,1
1013,0,79,55,20,14,33.7,0.369,22,0
1014,6,105,74,49,71,36.2,0.265,39,0
1015,5,82,80,26,70,31.2,0.168,23,0
1016,3,88,75,35,129,32.8,0.161,27,0
1017,3,104,65,35,159,39.2,0.534,44,0
1018,0,133,36,27,276,27.5,0.608,21,1
1019,1,124,76,21,81,29.9,0.272,31,0
1020,5,144,77,41,237,39.2,0.25,30,0
1021,2,121,85,32,110,38.1,0.937,23,1
1022,5,91,76,22,51,28.4,0.544,40,0
1023,6,187,73,36,220,35.5,0.535,41,1
1024,11,96,87,23,62,25.9,0.444,46,1
1025,4,118,67,36,25,25.0,0.215,48,0
1026,7,90,92,31,115,26.6,0.166,37,0
1027,5,118,81,47,350,57.0,0.299,44,1
1028,3,116,81,33,330,32.5,0.339,28,1
1029,1,120,63,10,178,24.8,0.254,24,0
1030,5,135,71,41,372,35.3,0.537,52,0
1031,6,121,71,22,140,21.4,0.267,55,0
1032,9,136,88,32,214,41.1,0.381,58,1
1033,0,110,56,25,85,26.6,0.716,22,0
1034,6,181,66,40,205,42.0,0.141,33,1
1035,4,179,85,50,374,43.3,0.417,38,1
1036,1,196,82,31,278,34.3,0.625,42,1
1037,5,153,78,41,287,33.6,0.214,29,1
1038,5,116,75,41,254,38.6,0.204,43,1
1039,3,112,60,11,110,24.6,0.787,46,0
1040,13,125,72,36,326,34.0,0.178,57,0
1041,3,165,89,28,22,33.7,0.338,28,1
1042,0,118,76,26,123,33.7,0.675,45,1
1043,4,132,91,19,167,36.8,0.407,28,1
1044,5,141,90,24,79,29.8,0.235,45,1
1045,0,146,69,23,241,31.2,0.229,21,0
1046,8,100,85,46,67,36.6,0.801,47,1
1047,5,125,84,14,142,23.2,0.191,25,0
1048,1,106,91,43,207,43.9,0.428,36,1
1049,2,109,53,10,107,24.4,0.078,24,0
1050,2,140,71,28,94,32.8,0.265,23,0
1051,2,114,77,15,70,20.7,0.82,28,0
1052,0,157,76,14,126,28.4,0.364,38,0
1053,2,143,59,46,187,28.3,0.24,27,0
1054,1,132,105,27,117,43.0,0.828,36,1
1055,2,69,75,28,18,38.5,0.363,26,0
1056,1,116,67,35,235,38.6,0.194,26,0
1057,1,96,78,33,71,30.2,0.564,22,0
1058,1,135,50,21,717,26.1,0.248,23,0
1059,0,117,56,47,89,37.1,1.165,28,0
1060,8,116,120,30,38,41.3,0.19,44,0
1061,11,106,77,33,18,38.9,0.221,63,0
1062,0,147,78,42,255,37.0,0.229,35,1
1063,9,120,104,24,454,45.5,0.367,42,1
1064,5,87,70,20,216,31.6,0.784,25,0
1065,6,120,56,35,70,32.7,0.415,30,0
1066,13,197,71,46,180,35.5,0.377,30,1
1067,2,92,75,20,91,24.6,0.159,30,0
1068,5,125,81,49,201,49.3,1.132,42,1
1069,4,124,66,15,391,25.1,0.103,35,0
1070,2,92,68,26,68,29.5,0.431,21,0
1071,1,116,62,32,124,35.4,0.369,26,0
1072,1,102,75,33,188,31.5,0.42,27,0
1073,8,99,102,36,134,39.8,0.514,51,1
1074,9,106,73,34,60,31.7,0.187,26,0
1075,1,103,67,26,348,41.4,0.639,21,0
1076,1,122,70,22,303,37.0,1.911,42,0
1077,6,108,71,36,105,35.8,0.512,23,0
1078,0,151,78,29,66,31.4,0.188,42,1
1079,6,123,72,23,65,30.5,0.246,43,0
1080,6,115,90,14,83,25.1,0.673,46,0
1081,6,165,63,15,429,26.3,0.426,31,0
1082,1,132,73,35,183,30.2,0.225,29,0
1083,1,142,60,20,117,31.5,0.402,27,0
1084,8,165,81,32,98,26.6,0.658,29,1
1085,3,101,69,31,72,35.5,0.258,30,0
1086,12,123,74,15,227,26.1,0.993,57,0
1087,0,147,68,40,253,35.2,0.334,30,1
1088,5,107,43,28,64,22.9,0.205,24,0
1089,3,87,72,45,97,43.7,0.482,22,0
1090,1,107,71,19,256,39.5,0.151,40,1
1091,3,165,67,30,453,32.5,1.042,31,1
1092,7,199,69,25,427,29.1,0.259,33,1
1093,0,96,83,21,79,33.9,0.726,21,0
1094,2,124,70,38,262,37.9,0.9,28,0
1095,1,127,48,21,321,21.6,0.532,22,0
1096,5,121,64,33,159,30.4,0.523,28,1
1097,9,169,85,33,189,35.7,1.109,48,1
1098,4,131,84,35,112,36.6,1.136,56,1
1099,0,93,83,21,164,29.8,1.304,36,0
1100,5,119,74,30,224,37.4,0.52,30,0
1101,7,102,71,27,66,24.1,0.694,28,0
1102,0,126,69,30,19,32.0,1.098,31,1
1103,3,153,71,29,70,41.8,1.104,61,0
1104,0,127,59,13,285,23.9,0.474,26,0
1105,6,107,88,19,316,21.0,0.276,23,0
1106,0,139,56,14,126,24.5,1.072,25,0
1107,3,102,80,38,303,46.7,0.176,22,0
1108,9,77,63,27,109,25.9,0.769,21,0
1109,0,86,86,14,121,23.8,0.713,23,0
1110,7,77,69,26,112,25.8,0.378,22,0
1111,2,125,60,11,59,19.9,0.519,30,0
1112,5,140,78,23,229,29.9,0.682,38,1
1113,10,150,104,47,200,46.0,0.253,47,0
1114,0,104,50,17,18,29.3,0.203,36,1
1115,1,132,84,36,78,35.7,0.9,34,1
1116,10,89,70,33,24,29.1,0.44,43,0
1117,0,83,61,15,46,26.4,0.516,21,0
1118,7,127,86,20,257,32.4,0.243,49,1
1119,4,137,70,10,116,23.3,0.204,39,0
1120,8,162,65,35,238,37.5,1.138,21,1
1121,0,79,51,17,15,31.0,0.294,22,0
1122,4,116,74,27,284,33.3,0.257,23,0
1123,1,172,89,49,268,40.4,1.229,28,1
1124,1,99,71,11,147,23.0,0.338,23,0
1125,0,116,84,26,198,43.7,0.881,28,1
1126,2,98,48,12,28,24.6,0.451,24,0
1127,8,117,75,23,130,27.2,0.945,34,0
1128,1,81,54,44,111,39.4,0.202,21,0
1129,1,79,68,24,52,45.0,0.272,21,0
1130,5,98,45,31,172,36.5,0.329,25,0
1131,3,148,79,25,221,23.5,0.135,50,0
1132,2,174,64,23,377,36.6,0.443,30,1
1133,1,100,95,31,168,31.5,0.184,21,0
1134,1,83,69,21,131,29.9,0.585,25,0
1135,2,108,58,34,261,38.7,0.275,26,1
1136,3,155,68,40,105,25.0,0.677,32,0
1137,1,120,66,24,152,35.9,0.328,21,1
1138,7,191,81,28,168,33.5,0.625,36,1
1139,3,122,62,39,230,34.1,0.102,36,1
1140,0,185,79,43,177,43.3,0.172,29,1
1141,1,100,58,30,38,23.2,0.331,21,0
1142,6,105,76,54,150,42.8,0.31,26,1
1143,4,111,85,37,82,37.3,0.389,41,0
1144,3,86,76,23,59,25.0,0.215,24,0
1145,6,101,81,36,384,39.4,0.272,29,0
1146,6,99,80,28,194,40.6,0.318,44,0
1147,8,170,86,36,144,42.6,0.348,51,1
1148,4,130,55,36,186,37.6,0.278,27,0
1149,1,91,76,28,53,35.3,0.243,21,0
1150,2,87,61,11,32,21.3,0.151,23,0
1151,2,82,69,25,75,33.4,0.419,23,0
1152,7,103,68,31,276,42.3,0.15,39,0
1153,11,160,60,51,518,46.7,0.358,53,1
1154,4,91,75,45,86,44.4,0.19,36,0
1155,0,141,77,45,290,45.8,0.299,21,1
1156,11,199,75,30,185,35.2,0.312,44,1
1157,3,113,85,33,38,39.1,0.896,45,0
1158,6,124,88,25,204,35.5,0.275,34,0
1159,1,97,67,37,214,45.0,0.505,23,0
1160,0,133,71,23,84,26.4,0.313,26,0
1161,3,177,94,35,289,40.5,0.628,23,0
1162,9,119,78,36,77,37.8,0.52,42,1
1163,0,96,71,30,20,36.7,0.152,23,1
1164,4,108,58,32,201,34.6,0.299,24,1
1165,0,80,48,15,31,25.3,0.395,22,0
1166,2,130,65,33,206,25.9,0.221,38,1
1167,11,96,68,28,82,18.2,0.254,37,0
1168,5,115,80,28,203,33.5,0.672,27,0
1169,3,134,99,47,149,43.6,0.64,62,0
1170,1,58,63,28,60,30.1,0.252,25,0
1171,3,136,69,27,57,24.8,0.273,28,0
1172,2,185,84,33,162,35.3,0.493,43,1
1173,3,127,63,15,345,25.2,0.444,32,1
1174,9,168,72,57,305,37.2,0.397,30,1
1175,1,150,75,17,247,29.8,0.855,46,1
1176,0,122,65,38,160,38.2,0.54,22,1
1177,2,106,66,20,52,25.4,0.932,22,0
1178,1,143,68,15,217,26.5,0.955,37,0
1179,2,82,71,30,83,23.9,0.192,24,0
1180,0,108,75,18,48,24.6,0.255,23,0
1181,1,129,76,17,214,24.9,0.391,22,0
1182,1,108,85,13,74,32.8,1.267,39,1
1183,9,98,60,11,102,22.9,0.165,22,0
1184,5,108,77,30,72,28.3,0.289,25,0
1185,6,163,103,72,336,51.3,0.736,52,1
1186,1,102,45,11,174,19.0,0.405,22,0
1187,0,154,69,34,119,32.9,0.527,27,0
1188,5,102,55,29,125,23.8,0.948,33,1
1189,5,92,80,37,14,25.1,0.204,26,0
1190,0,104,62,47,67,38.5,0.367,22,0
1191,3,133,80,50,389,45.0,0.67,44,0
1192,0,100,75,22,20,31.8,0.157,21,0
1193,0,107,82,35,81,33.4,0.354,27,0
1194,6,143,64,30,199,34.2,0.384,22,0
1195,5,81,54,20,97,25.8,0.672,24,0
1196,0,138,61,27,69,34.8,0.243,23,0
1197,0,102,60,28,149,36.4,0.257,22,1
1198,6,151,79,42,211,46.0,0.493,28,0
1199,0,144,76,43,137,32.3,0.291,43,1
1200,5,141,67,23,17,31.5,0.721,25,1
1201,1,93,63,38,80,39.2,0.37,22,0
1202,1,101,73,23,139,33.6,0.616,27,0
1203,7,116,82,42,117,40.8,0.224,58,0
1204,0,102,31,15,73,30.3,0.37,23,0
1205,6,106,58,30,222,31.4,0.125,28,0
1206,1,192,85,23,195,47.6,0.47,39,1
1207,2,117,97,31,242,32.0,0.185,28,0
1208,9,119,68,30,92,26.4,0.436,35,0
1209,0,87,67,26,183,30.5,0.313,24,0
1210,9,81,56,35,14,27.9,0.221,21,0
1211,1,87,63,25,61,31.5,0.182,23,0
1212,1,89,88,13,14,19.7,0.359,28,0
1213,5,119,79,32,112,38.4,0.115,29,0
1214,2,197,63,27,676,33.5,0.994,31,1
1215,0,108,78,31,152,31.8,0.995,26,0
1216,4,79,62,18,47,25.9,0.443,28,0
1217,9,133,74,38,264,29.0,0.397,44,1
1218,8,165,72,27,181,31.6,0.189,26,1
1219,0,191,69,24,135,29.0,0.829,23,0
1220,1,102,62,16,55,31.5,0.205,21,0
1221,9,178,66,29,267,32.3,0.258,29,1
1222,0,78,49,17,56,25.9,0.544,21,0
1223,3,90,81,25,17,27.7,0.133,24,0
1224,0,157,65,34,64,33.9,1.227,23,1
1225,2,88,50,14,19,29.8,0.674,23,0
1226,1,95,72,22,22,27.3,0.366,27,0
1227,1,131,88,25,126,23.7,0.227,23,0
1228,4,71,79,26,83,32.0,0.204,60,0
1229,2,108,70,28,179,31.9,0.53,23,0
1230,8,143,89,38,136,32.4,0.299,31,0
1231,3,88,62,21,26,20.2,0.196,26,0
1232,0,132,78,22,298,32.5,0.685,26,0
1233,8,148,89,30,196,34.6,0.123,45,1
1234,1,82,55,15,77,27.0,0.284,30,0
1235,1,133,73,36,139,36.7,0.352,31,1
1236,1,120,68,37,169,36.8,0.381,29,0
1237,7,89,69,17,128,22.4,0.429,39,0
1238,5,144,80,23,245,28.1,0.131,65,0
1239,8,189,88,20,259,40.5,0.398,43,1
1240,4,88,63,31,17,24.7,0.235,30,0
1241,2,119,63,30,137,30.2,0.454,37,0
1242,1,117,77,37,94,37.0,0.137,37,0
1243,6,140,85,29,313,35.7,0.225,22,0
1244,4,133,65,37,143,27.4,0.959,42,1
1245,3,105,69,13,53,20.5,0.169,21,0
1246,11,111,95,37,158,31.9,0.644,52,1
1247,10,164,90,42,296,37.2,1.187,56,1
1248,7,141,61,17,249,20.7,0.394,32,0
1249,1,140,79,40,222,42.8,1.52,24,1
1250,7,88,48,12,14,27.8,0.169,25,0
1251,8,189,77,40,159,36.8,0.583,43,1
1252,1,132,91,28,213,41.3,0.498,23,0
1253,1,89,54,29,95,24.5,0.625,21,0
1254,0,110,74,22,135,27.0,0.205,23,0
1255,9,189,75,25,203,28.4,0.273,50,1
1256,1,197,89,27,809,34.4,1.119,59,1
1257,0,71,62,30,56,22.2,0.295,21,0
1258,3,110,88,13,107,23.5,0.401,25,0
1259,4,130,52,31,186,30.7,0.246,42,1
1260,2,89,57,27,65,40.2,0.604,37,0
1261,1,93,60,20,53,27.1,0.441,22,0
1262,7,122,70,34,123,29.5,0.353,26,0
1263,1,148,58,41,176,37.0,0.286,35,0
1264,0,127,57,17,292,24.9,0.456,27,1
1265,1,80,55,8,28,21.4,0.814,25,0
1266,4,119,71,15,163,24.8,0.142,30,0
1267,0,105,67,43,33,42.8,0.608,30,0
1268,4,153,84,19,194,28.5,0.515,28,0
1269,2,153,63,31,227,33.5,0.217,22,0
1270,1,127,59,16,163,24.6,0.182,21,0
1271,6,110,79,29,146,28.0,0.909,37,0
1272,4,129,106,39,168,37.1,1.723,30,0
1273,4,96,56,36,72,35.2,0.283,62,0
1274,9,102,73,22,23,29.1,0.731,23,0
1275,4,117,63,8,136,26.2,0.265,22,0
1276,5,127,83,40,367,36.2,0.381,25,0
1277,5,98,69,19,57,25.7,0.303,47,0
1278,6,136,66,39,188,34.1,0.114,52,1
1279,1,107,59,18,103,23.5,0.08,21,0
1280,6,127,60,21,148,25.6,0.541,30,0
1281,7,107,71,30,127,32.7,0.16,52,1
1282,6,90,80,24,281,34.5,0.24,41,0
1283,1,107,71,33,86,38.4,0.748,34,0
1284,0,134,57,45,78,44.5,0.656,21,1
1285,13,91,91,11,70,27.0,0.146,50,0
1286,7,92,64,9,56,25.2,0.261,28,0
1287,0,75,61,28,157,34.6,0.317,21,0
1288,5,96,71,34,43,28.6,0.715,40,1
1289,8,87,68,8,64,29.6,0.199,29,0
1290,3,100,77,53,257,37.9,0.213,33,1
1291,6,99,50,21,59,22.8,0.205,25,0
1292,2,125,64,22,149,25.9,0.692,26,0
1293,1,129,83,22,178,28.4,0.213,35,0
1294,1,114,76,34,157,34.1,0.268,21,0
1295,2,120,52,30,16,24.8,0.763,36,0
1296,6,124,65,30,100,31.3,0.333,42,1
1297,2,142,74,34,106,37.3,0.184,24,0
1298,1,120,74,38,142,40.3,0.531,24,0
1299,6,58,56,29,14,34.3,0.105,26,0
1300,2,137,74,24,148,33.5,0.193,21,0
1301,5,129,70,21,327,28.7,0.323,41,0
1302,6,111,49,39,183,28.1,0.431,25,0
1303,0,106,87,28,62,38.4,0.938,23,0
1304,11,130,71,32,153,34.0,0.546,42,1
1305,3,103,60,12,50,32.5,0.212,27,0
1306,5,122,77,37,131,36.5,0.248,56,0
1307,0,109,65,53,56,40.2,0.285,24,1
1308,5,92,62,37,80,40.9,0.321,22,0
1309,1,139,66,20,29,25.0,0.447,38,0
1310,2,112,80,26,166,31.9,0.83,29,0
1311,4,116,68,27,195,36.8,0.281,30,1
1312,0,103,52,24,79,27.4,0.103,23,0
1313,0,154,37,37,212,34.0,0.49,22,1
1314,1,101,86,15,73,33.7,0.158,28,0
1315,9,92,71,16,31,34.2,0.846,29,1
1316,6,128,72,38,222,39.4,0.666,37,0
1317,6,120,107,50,112,51.9,0.14,45,1
1318,1,103,73,33,62,42.9,1.111,23,0
1319,3,166,80,32,175,30.7,0.248,68,1
1320,1,106,76,24,72,26.6,0.704,36,0
1321,3,111,84,47,123,30.2,0.503,26,0
1322,10,116,77,40,211,35.1,0.387,28,0
1323,4,128,75,27,113,35.8,0.262,27,1
1324,1,89,54,38,76,26.2,0.101,21,0
1325,3,151,99,24,283,31.6,0.536,27,1
1326,1,103,66,37,55,38.3,0.41,27,0
1327,3,123,74,39,106,26.5,0.391,30,0
1328,13,90,60,24,64,33.3,1.102,26,0
1329,2,104,79,12,36,21.5,0.292,28,0
1330,1,109,78,26,177,28.8,0.586,22,0
1331,6,97,91,35,230,44.7,0.347,35,1
1332,12,151,74,23,260,29.1,0.833,66,0
1333,2,101,63,23,201,33.6,0.764,24,0
1334,3,128,80,24,314,37.5,1.331,32,1
1335,2,134,58,29,156,43.8,0.258,27,0
1336,1,156,77,30,232,27.7,0.174,32,0
1337,9,193,79,36,407,39.4,0.925,43,1
1338,8,79,65,23,14,23.0,0.299,36,0
1339,5,102,80,37,39,44.8,0.383,43,0
1340,3,127,84,32,177,34.9,0.252,26,1
1341,7,88,78,22,97,24.8,0.313,65,0
1342,6,89,64,18,326,25.9,0.489,30,0
1343,5,87,80,36,53,37.5,0.134,44,0
1344,7,111,75,29,83,34.1,0.219,43,0
1345,6,104,80,51,81,28.9,0.541,30,0
1346,7,179,79,17,324,25.8,0.192,51,1
1347,13,102,84,42,71,41.3,0.167,40,1
1348,1,91,67,27,114,30.0,0.447,35,1
1349,0,138,80,30,102,30.0,0.786,32,1
1350,1,167,86,35,304,35.7,0.576,30,1
1351,10,98,79,36,14,46.1,0.204,41,0
1352,1,108,82,25,191,39.4,0.602,22,0
1353,1,163,77,27,529,39.4,0.522,25,0
1354,5,57,64,24,70,37.5,0.555,25,0
1355,3,136,74,12,111,28.2,0.822,25,0
1356,0,70,70,28,39,32.7,0.457,23,0
1357,1,97,71,37,171,40.9,0.278,22,1
1358,2,106,71,27,158,30.9,0.324,24,0
1359,2,113,69,38,243,33.4,0.233,31,1
1360,1,136,58,22,347,34.9,0.473,32,1
1361,8,99,71,18,182,22.3,0.29,28,0
1362,1,103,92,19,119,26.6,0.535,27,0
1363,2,76,74,19,15,27.5,0.532,21,0
1364,2,129,88,49,324,42.3,0.291,30,0
1365,5,117,63,47,89,43.2,0.341,24,0
1366,8,152,69,25,211,31.6,0.239,43,1
1367,3,97,82,30,150,24.8,0.216,31,0
1368,7,99,75,8,128,24.1,0.997,21,0
1369,1,111,83,11,115,36.5,0.195,28,0
1370,1,75,46,35,14,27.1,0.197,22,0
1371,7,161,72,31,310,36.4,0.944,35,1
1372,10,95,58,13,166,20.7,0.265,22,0
1373,3,139,85,27,313,38.4,0.364,52,1
1374,0,120,69,50,77,42.2,0.563,30,0
1375,0,164,61,18,306,33.3,0.496,24,1
1376,2,108,61,45,124,41.1,0.217,27,0
1377,8,129,66,20,130,35.1,0.267,59,1
1378,9,139,77,52,198,54.2,0.4,25,1
1379,3,109,66,50,153,36.6,0.693,24,0
1380,0,106,52,40,199,38.8,0.436,25,0
1381,9,115,77,27,288,27.3,0.471,60,0
1382,3,84,58,44,14,29.9,0.13,26,0
1383,5,100,70,19,137,28.7,0.514,28,0
1384,5,125,86,16,18,24.8,1.44,30,0
1385,8,194,78,35,483,30.8,0.674,29,1
1386,2,131,88,33,330,40.3,0.88,58,0
1387,5,170,71,26,163,29.1,0.265,47,1
1388,13,113,65,30,471,29.3,0.726,42,1
1389,2,149,67,33,232,36.5,0.551,42,1
1390,5,172,87,41,243,48.9,0.498,30,1
1391,0,58,53,25,14,24.2,0.696,23,0
1392,6,152,90,41,19,37.8,1.18,27,1
1393,4,108,86,22,152,25.7,0.247,33,0
1394,4,73,50,20,21,27.5,0.499,23,0
1395,10,109,87,31,130,23.7,0.403,67,0
1396,8,135,89,42,133,33.6,0.372,46,0
1397,5,196,77,22,424,25.6,0.754,44,1
1398,7,105,65,16,21,25.3,0.354,26,1
1399,1,129,63,30,201,30.7,0.672,40,0
1400,0,153,81,23,376,29.5,0.366,27,0
1401,5,105,90,22,105,32.4,0.164,25,0
1402,0,119,64,14,161,24.2,0.452,28,1
1403,5,111,74,23,145,34.8,0.218,23,0
1404,1,101,68,40,118,37.1,0.214,26,0
1405,9,172,64,32,189,30.4,0.684,33,1
1406,0,100,94,27,169,29.2,0.257,31,0
1407,1,143,87,28,270,36.7,0.308,32,0
1408,2,124,64,18,173,30.2,0.625,27,1
1409,9,101,70,17,19,22.9,0.456,56,1
1410,6,80,81,41,14,35.8,0.233,28,0
1411,10,140,59,27,221,31.3,0.189,34,0
1412,2,98,62,19,108,25.3,0.354,23,0
1413,2,106,78,36,57,24.8,0.588,28,0
1414,4,101,73,32,32,35.4,0.607,28,0
1415,0,105,74,38,118,38.4,0.847,27,0
1416,3,81,64,30,30,32.5,0.197,22,0
1417,1,90,90,26,14,29.0,0.489,27,0
1418,4,116,85,33,107,34.8,0.993,37,1
1419,10,143,83,22,211,29.3,0.52,66,0
1420,13,132,82,24,201,32.1,0.42,55,1
1421,1,183,70,35,388,33.8,0.198,38,1
1422,3,107,80,8,164,21.1,0.466,21,0
1423,5,112,61,30,106,34.9,0.638,26,0
1424,1,116,68,10,202,23.2,0.633,24,0
1425,5,104,65,20,110,21.8,0.13,22,0
1426,2,131,66,11,343,21.5,0.597,34,0
1427,10,100,78,30,102,28.2,0.65,53,0
1428,1,84,72,31,74,24.6,0.204,34,0
1429,0,167,65,30,200,25.7,0.477,31,1
1430,5,167,49,25,360,37.7,1.375,44,1
1431,0,92,60,38,164,35.0,0.197,21,0
1432,4,89,55,18,55,21.7,0.417,31,0
1433,1,125,65,27,177,30.2,0.464,42,0
1434,8,193,79,30,225,31.1,0.599,51,1
1435,4,105,54,25,27,38.6,0.419,25,0
1436,12,165,86,27,173,28.8,1.022,65,1
1437,2,119,67,7,222,19.3,0.615,24,0
1438,3,94,64,49,58,46.4,0.503,32,0
1439,3,190,79,31,154,38.1,0.35,46,1
1440,1,131,64,32,114,41.7,0.554,26,1
1441,7,124,73,30,107,30.9,0.235,65,0
1442,0,80,68,36,54,28.2,0.319,23,0
1443,2,115,61,28,178,32.0,0.166,23,0
1444,4,130,74,29,288,27.3,0.136,27,0
1445,3,77,70,24,72,28.2,0.088,34,0
1446,6,127,74,49,246,49.7,0.326,29,1
1447,3,77,68,11,137,18.7,0.124,28,0
1448,3,101,60,41,173,25.4,0.255,21,0
1449,7,122,82,22,162,28.8,0.12,31,0
1450,7,137,75,28,132,34.8,1.162,50,1
1451,9,144,74,15,171,32.4,0.984,27,0
1452,2,100,65,8,277,22.6,0.814,44,0
1453,2,115,71,28,177,31.0,0.648,23,0
1454,6,120,59,28,175,38.7,0.482,27,0
1455,5,80,49,23,64,23.0,0.123,25,0
1456,5,103,82,25,67,26.8,0.286,27,0
1457,2,89,58,10,82,27.2,0.281,26,0
1458,2,105,77,31,191,31.5,1.169,40,0
1459,0,166,88,24,284,37.7,0.541,37,0
1460,14,192,89,30,291,30.0,0.246,53,1
1461,2,116,61,18,64,37.4,0.314,40,0
1462,0,88,78,32,165,31.6,0.195,43,0
1463,4,93,66,20,29,25.9,0.411,21,0
1464,7,158,100,17,360,42.5,0.423,34,1
1465,6,130,79,15,170,28.3,0.399,65,0
1466,2,89,82,14,117,25.7,0.15,28,0
1467,2,101,78,12,192,37.3,1.101,22,0
1468,2,180,80,62,267,43.1,1.468,46,1
1469,2,141,68,24,57,24.7,0.368,33,0
1470,4,106,85,35,184,36.4,0.311,28,0
1471,5,87,70,30,69,35.1,0.726,24,1
1472,2,112,57,40,366,57.3,0.234,25,0
1473,2,102,83,48,94,37.1,0.591,33,0
1474,2,119,74,29,76,22.9,0.929,25,0
1475,5,95,90,35,95,29.8,0.292,32,0
1476,7,129,70,27,44,31.3,0.142,29,0
1477,1,143,76,41,372,35.1,0.432,31,1
1478,5,162,73,23,481,26.6,1.356,45,1
1479,3,109,66,26,153,41.5,0.442,31,0
1480,1,129,81,30,174,22.5,0.298,52,0
1481,1,73,44,23,14,25.5,0.247,22,0
1482,14,167,86,37,270,32.0,0.969,66,1
1483,1,131,80,23,96,29.6,0.751,47,1
1484,2,149,76,22,229,25.4,0.317,28,0
1485,0,76,76,22,28,26.6,0.212,25,0
1486,0,160,67,12,154,28.4,0.171,23,0
1487,7,139,101,13,217,25.4,0.303,64,0
1488,4,106,68,33,56,34.7,0.271,26,0
1489,4,125,82,37,164,35.6,0.585,37,1
1490,7,119,80,27,195,35.8,0.222,53,1
1491,3,109,73,25,56,26.9,0.416,22,0
1492,1,147,74,44,108,45.6,0.912,34,1
1493,3,147,74,31,219,37.8,0.66,42,1
1494,0,126,70,31,195,38.8,0.824,31,1
1495,4,100,74,41,190,46.4,0.281,26,0
1496,10,123,87,32,229,36.0,0.25,41,0
1497,0,148,63,29,87,33.5,0.65,26,0
1498,7,115,75,48,117,43.9,0.213,41,1
1499,6,85,67,23,14,19.3,0.926,29,0
1500,1,134,57,13,237,21.5,0.296,21,0
1501,2,110,94,46,14,54.1,1.088,37,1
1502,3,126,74,13,161,21.4,0.356,45,0
1503,0,183,79,27,387,33.7,2.307,25,1
1504,1,133,68,30,290,33.6,0.256,28,0
1505,2,94,67,13,109,24.9,0.309,26,0
1506,1,147,91,25,124,33.7,1.342,35,1
1507,7,155,64,41,321,35.2,0.207,29,0
1508,1,117,82,21,275,35.8,0.212,22,0
1509,0,160,71,26,46,30.6,0.262,26,1
1510,7,169,64,12,299,30.5,0.93,42,1
1511,7,169,59,27,146,27.8,0.558,32,1
1512,0,186,70,32,282,31.3,0.338,29,1
1513,4,125,69,44,158,48.1,0.565,30,1
1514,5,97,76,13,35,24.5,1.703,32,0
1515,6,103,80,27,182,28.2,0.346,42,0
1516,1,144,71,27,551,38.5,0.402,26,1
1517,2,111,82,9,69,22.0,0.616,22,0
1518,6,127,46,22,238,21.7,0.129,57,0
1519,11,128,91,51,105,42.0,0.945,80,0
1520,0,130,74,29,316,45.7,0.948,22,0
1521,8,87,63,35,30,28.9,0.33,24,1
1522,1,121,64,33,132,44.9,0.336,26,0
1523,0,102,85,28,94,33.6,0.215,22,1
1524,7,100,76,43,155,35.6,0.229,41,0
1525,1,173,64,34,265,39.2,0.56,28,1
1526,7,104,94,29,234,36.0,0.517,36,0
1527,1,101,71,7,91,23.7,0.327,27,0
1528,1,100,60,21,189,30.7,0.263,27,0
1529,3,92,67,41,139,28.3,0.491,26,0
1530,9,169,69,42,224,28.7,0.747,34,1
1531,4,130,66,25,157,31.1,0.283,25,1
1532,2,126,72,30,70,25.6,0.302,57,0
1533,0,70,57,22,14,20.5,0.186,25,0
1534,0,95,80,22,75,31.0,0.482,23,0
1535,2,106,87,26,137,32.6,0.265,42,0
1536,5,107,66,27,161,34.4,0.437,44,1
1537,1,89,81,33,48,25.8,0.229,23,0
1538,3,81,65,13,14,33.6,0.341,34,0
1539,2,124,87,20,197,25.5,0.422,45,0
1540,5,111,85,32,57,33.1,0.314,58,0
1541,2,140,94,28,179,28.9,0.217,29,0
1542,0,107,61,38,131,40.0,0.493,26,0
1543,7,142,84,36,150,31.6,0.809,40,1
1544,0,163,62,15,391,34.3,0.245,42,1
1545,5,120,77,42,260,38.8,0.165,40,0
1546,4,152,93,21,90,20.6,0.161,37,0
1547,0,116,77,14,28,26.4,0.234,32,1
1548,0,86,73,59,118,54.6,0.568,28,0
1549,9,173,83,32,342,35.9,1.216,58,1
1550,0,114,60,19,50,24.9,0.248,22,0
1551,2,116,78,41,97,42.7,0.249,23,0
1552,1,134,71,24,281,33.3,0.239,31,0
1553,10,99,73,30,144,38.7,0.737,46,0
1554,0,115,73,21,249,27.5,0.217,27,0
1555,0,76,56,16,93,27.5,1.171,22,0
1556,5,190,77,25,192,31.8,0.131,38,1
1557,0,102,63,18,199,29.0,1.2,21,0
1558,1,94,64,27,64,29.3,0.247,35,0
1559,4,126,79,17,236,35.7,0.409,38,1
1560,12,83,63,10,91,23.8,0.693,59,0
1561,2,157,54,42,247,54.0,0.64,32,1
1562,3,85,59,23,164,22.3,0.308,22,0
1563,7,179,72,30,422,36.9,0.228,52,1
1564,2,96,72,35,53,29.4,0.389,43,0
1565,7,174,75,33,315,38.9,0.369,42,1
1566,0,100,71,26,386,29.4,0.237,21,0
1567,3,105,76,16,204,22.5,0.223,21,0
1568,5,102,69,7,133,19.2,0.878,31,0
1569,9,134,90,39,104,41.7,0.627,46,1
1570,6,124,76,27,38,25.9,0.717,24,0
1571,0,121,62,31,200,25.3,0.279,22,0
1572,3,101,54,9,131,27.0,0.541,21,0
1573,0,109,74,24,256,30.0,1.478,21,0
1574,2,174,72,42,484,41.0,0.374,49,0
1575,6,159,73,27,200,25.3,0.348,38,1
1576,9,135,92,36,180,33.6,2.134,48,1
1577,0,165,81,33,116,37.1,0.757,22,1
1578,2,88,69,27,34,23.3,0.236,30,0
1579,0,173,50,40,166,36.3,0.298,31,1
1580,2,153,69,34,267,41.5,0.86,31,1
1581,3,101,57,14,92,24.0,0.632,27,0
1582,2,125,80,39,47,28.8,0.213,45,0
1583,3,198,84,38,503,42.7,0.524,26,1
1584,1,123,67,23,336,31.6,0.139,30,0
1585,0,104,78,21,147,28.1,0.302,21,0
1586,3,127,76,18,58,30.5,0.116,60,0
1587,1,114,75,19,208,35.7,0.544,23,0
1588,3,133,103,54,278,38.1,0.197,58,1
1589,3,108,78,26,50,25.6,0.287,26,0
1590,1,115,81,18,117,31.4,0.53,53,1
1591,1,104,82,13,173,24.6,0.424,30,0
1592,12,135,82,23,84,24.9,0.38,34,0
1593,0,112,84,38,155,46.5,0.183,23,1
1594,10,98,69,21,208,35.3,0.152,36,0
1595,1,113,83,34,54,35.8,0.541,31,0
1596,0,92,71,29,105,33.0,0.291,30,0
1597,2,136,80,32,88,35.6,0.255,29,0
1598,7,108,90,16,56,31.6,0.266,51,1
1599,7,155,65,30,239,34.0,0.509,46,1
1600,4,104,84,35,224,36.5,0.351,60,0
1601,4,131,97,36,139,35.0,0.217,36,1
1602,6,178,106,30,473,42.5,0.645,50,1
1603,8,81,73,44,58,35.7,0.774,33,0
1604,7,132,75,94,47,45.2,0.609,45,1
1605,2,110,61,15,105,29.2,0.826,25,0
1606,7,121,86,28,89,34.5,0.528,58,1
1607,13,190,66,42,491,40.7,0.324,55,1
1608,0,94,69,12,260,23.4,0.546,23,0
1609,2,79,77,38,62,37.1,0.138,23,0
1610,0,117,81,38,14,31.9,0.134,37,1
1611,1,122,43,19,370,32.1,0.34,21,0
1612,9,190,61,46,378,36.0,0.273,24,1
1613,7,97,86,33,53,33.9,0.864,40,0
1614,1,118,87,35,119,29.8,0.176,25,0
1615,1,178,88,26,174,45.9,1.09,52,1
1616,5,115,86,27,151,24.6,0.372,27,0
1617,10,123,81,35,86,28.4,0.667,42,1
1618,2,124,69,7,77,19.3,1.417,26,0
1619,6,118,76,8,74,22.6,0.277,47,0
1620,0,55,60,28,33,32.4,0.221,29,0
1621,9,199,78,37,253,31.5,0.224,56,1
1622,2,93,68,17,192,28.6,0.792,24,0
1623,0,144,81,46,50,34.9,0.758,48,1
1624,0,172,69,45,159,51.7,1.301,22,1
1625,1,128,59,11,317,20.7,0.725,24,0
1626,4,135,78,14,211,30.3,0.22,48,1
1627,4,167,74,30,240,39.0,0.155,42,1
1628,5,82,63,20,33,27.5,0.335,26,0
1629,4,140,83,30,149,44.6,0.272,40,1
1630,8,109,72,28,246,34.6,0.245,41,1
1631,4,126,73,24,85,24.4,0.339,33,0
1632,0,121,68,23,173,30.5,0.239,32,1
1633,6,141,94,30,277,40.5,0.489,38,0
1634,0,136,79,13,177,27.9,0.879,21,0
1635,4,83,60,27,76,32.2,0.19,23,0
1636,3,124,83,28,237,38.2,0.913,36,0
1637,9,125,71,39,73,33.2,0.286,53,1
1638,1,151,58,22,46,26.6,0.631,21,0
1639,7,149,97,23,406,27.8,0.465,22,0
1640,5,198,69,22,389,32.3,1.273,54,1
1641,0,136,69,46,210,48.0,0.922,25,1
1642,9,109,59,18,57,26.9,0.863,29,1
1643,6,59,81,18,18,28.3,0.17,37,0
1644,2,120,68,28,145,39.0,0.713,28,0
1645,2,81,80,14,24,27.7,0.349,36,0
1646,7,139,81,26,151,35.2,0.414,44,1
1647,12,82,60,16,54,25.2,0.433,68,0
1648,0,93,72,25,198,27.8,0.595,24,0
1649,0,181,77,40,332,33.9,0.335,38,1
1650,2,169,74,26,347,31.1,0.556,41,1
1651,3,128,64,32,240,26.3,0.403,59,1
1652,1,109,72,28,159,26.3,0.509,24,0
1653,1,122,75,33,286,32.9,0.714,33,0
1654,2,107,79,21,106,22.8,0.517,33,0
1655,3,117,70,14,91,32.2,0.343,32,1
1656,8,92,62,41,114,34.9,0.184,53,0
1657,5,85,58,18,174,24.8,0.19,28,0
1658,0,141,70,26,113,35.0,0.27,23,0
1659,0,95,69,12,116,25.5,0.24,21,0
1660,6,155,82,43,544,55.7,0.208,68,0
1661,5,137,83,29,60,33.7,0.28,43,1
1662,7,116,92,30,103,26.0,0.27,40,0
1663,3,99,57,9,33,20.7,0.348,24,0
1664,3,110,72,18,209,33.9,0.3,21,0
1665,0,124,74,40,111,41.2,1.082,30,0
1666,2,171,67,24,501,29.6,0.769,26,1
1667,5,159,79,37,275,30.2,0.329,38,1
1668,3,123,81,36,224,38.9,0.699,28,1
1669,12,132,64,31,58,35.4,0.226,69,0
1670,8,96,92,42,79,28.7,0.17,28,0
1671,1,59,30,21,15,21.6,0.257,34,0
1672,4,105,68,30,303,26.1,0.602,40,0
1673,1,123,53,16,62,25.3,0.207,21,0
1674,3,122,67,20,139,24.5,0.339,21,0
1675,3,92,65,18,104,31.3,0.112,25,0
1676,9,118,79,18,217,33.7,1.177,35,1
1677,6,71,62,33,26,31.6,0.603,46,0
1678,0,128,86,35,172,35.9,0.342,21,1
1679,10,128,80,37,154,35.4,0.19,40,1
1680,3,136,77,31,312,37.8,0.347,27,0
1681,7,138,69,45,130,33.9,0.331,50,1
1682,0,99,70,17,66,33.2,0.508,21,0
1683,10,85,58,31,14,32.1,0.229,27,0
1684,5,161,73,24,30,26.3,0.319,43,1
1685,1,101,71,21,136,23.1,0.124,21,0
1686,10,117,64,17,98,22.0,0.262,28,0
1687,4,87,91,14,38,26.9,0.289,23,0
1688,8,116,77,20,132,32.0,0.441,30,1
1689,1,110,63,29,69,31.8,0.497,27,0
1690,10,82,86,41,123,38.1,0.403,62,0
1691,3,114,64,33,182,27.4,0.871,28,0
1692,13,100,98,15,119,25.7,0.238,55,0
1693,10,142,66,46,313,36.6,0.272,35,0
1694,12,126,85,33,112,30.5,0.245,71,0
1695,0,97,59,20,56,27.8,0.37,21,0
1696,6,167,77,40,215,28.2,0.295,55,1
1697,6,143,71,13,325,22.7,0.108,48,1
1698,1,114,89,46,21,34.5,1.037,42,1
1699,5,132,77,31,132,33.7,0.605,29,1
1700,0,83,70,32,78,39.9,0.861,21,0
1701,2,125,71,29,121,30.2,0.279,35,0
1702,4,120,68,31,190,33.9,0.233,26,0
1703,0,184,64,39,199,37.1,0.539,22,1
1704,0,94,71,24,94,41.5,0.209,23,1
1705,9,140,72,28,214,43.0,0.331,28,1
1706,9,81,74,23,14,24.6,0.418,39,0
1707,3,156,73,25,239,32.8,1.344,24,1
1708,2,105,75,41,122,37.2,0.228,32,0
1709,1,132,62,40,69,31.0,0.328,35,0
1710,6,110,68,27,194,24.8,1.012,37,1
1711,1,101,58,29,38,28.9,0.342,25,0
1712,9,157,74,23,294,34.8,0.208,44,1
1713,3,91,87,40,119,34.2,0.208,45,0
1714,0,110,66,33,120,25.9,0.69,26,0
1715,1,72,69,36,84,34.8,0.396,38,0
1716,12,117,74,38,135,39.1,1.051,48,0
1717,1,159,70,49,522,36.7,1.043,29,1
1718,5,138,49,44,200,43.5,0.17,27,1
1719,2,123,82,17,20,21.9,0.229,32,0
1720,7,100,62,44,98,40.1,0.226,39,0
1721,0,92,46,18,237,37.2,0.337,21,0
1722,1,126,52,39,34,39.7,0.268,25,0
1723,7,84,84,43,70,35.8,0.258,58,0
1724,1,122,68,13,80,26.6,1.312,29,0
1725,0,168,74,22,390,33.2,1.019,25,1
1726,12,106,73,34,14,37.0,0.168,57,1
1727,2,103,70,15,75,22.7,0.239,41,0
1728,1,156,77,31,227,24.7,0.192,24,0
1729,3,149,64,18,403,26.9,0.327,39,1
1730,9,164,80,28,335,44.3,0.416,33,1
1731,3,72,67,13,23,18.8,0.669,21,0
1732,7,125,78,22,78,27.8,0.575,54,1
1733,11,109,67,28,136,21.4,0.404,51,0
1734,0,132,86,46,167,49.7,0.862,22,1
1735,1,149,69,40,195,36.0,0.124,27,0
1736,1,104,73,29,43,33.5,0.144,21,0
1737,9,144,68,34,232,25.8,0.133,59,1
1738,8,99,76,24,119,33.7,0.467,30,0
1739,3,140,63,34,367,31.7,0.5,30,0
1740,5,152,60,13,382,27.7,0.35,29,0
1741,4,156,78,44,105,31.2,0.448,35,1
1742,0,140,70,19,243,33.9,0.772,21,1
1743,2,88,85,22,93,29.6,0.743,25,0
1744,4,127,70,36,287,37.4,0.342,41,0
1745,0,151,79,36,221,35.7,0.541,44,1
1746,5,113,87,37,164,47.8,0.205,41,1
1747,13,114,57,24,324,29.1,1.143,39,0
1748,2,73,69,37,14,25.6,0.169,24,0
1749,4,85,73,34,74,38.6,0.978,21,0
1750,7,188,71,19,310,31.0,0.534,38,1
1751,1,94,65,22,14,23.1,0.165,23,0
1752,0,147,58,36,234,32.5,1.194,27,1
1753,5,96,99,22,79,24.9,0.336,39,0
1754,0,122,65,27,138,37.1,0.185,21,0
1755,8,182,63,32,785,49.2,0.748,44,1
1756,4,129,88,30,195,33.6,0.281,25,0
1757,1,123,95,42,231,39.2,0.178,25,0
1758,0,145,60,9,93,22.7,0.782,22,0
1759,6,152,81,34,91,32.1,0.646,43,1
1760,0,135,60,41,171,37.6,1.256,23,1
1761,3,150,64,26,286,32.1,0.322,44,1
1762,1,111,52,22,274,32.4,0.554,32,1
1763,0,129,69,34,163,29.4,0.909,23,1
1764,3,85,86,27,64,32.0,0.136,24,0
1765,8,189,92,48,549,51.1,0.196,38,1
1766,0,148,73,36,314,29.0,0.573,34,0
1767,7,111,49,11,179,26.2,0.284,41,1
1768,5,83,75,23,59,26.9,0.455,34,0
1769,3,113,92,34,158,32.1,0.552,66,1
1770,0,98,68,22,180,26.5,0.5,22,0
1771,8,133,75,43,366,49.5,0.547,29,1
1772,5,114,73,36,203,28.7,0.257,63,0
1773,3,107,87,14,171,31.2,0.354,30,0
1774,2,117,74,34,95,25.1,0.443,22,0
1775,3,84,71,30,112,38.0,0.714,21,0
1776,2,124,76,29,106,40.4,1.31,48,0
1777,6,107,77,14,17,21.7,0.197,54,0
1778,0,135,69,40,94,36.1,1.258,24,1
1779,1,102,60,12,65,26.3,0.256,29,0
1780,1,89,69,24,27,26.8,0.571,21,0
1781,7,70,58,13,22,22.9,0.22,38,0
1782,5,100,56,19,283,23.3,0.278,21,0
1783,5,89,83,24,38,35.8,0.29,29,0
1784,9,117,83,18,150,29.4,0.857,36,0
1785,2,120,82,28,366,30.0,0.789,29,0
1786,2,117,55,26,71,34.3,0.195,22,0
1787,0,122,43,20,139,22.7,0.171,21,0
1788,1,167,54,56,359,42.8,0.304,43,1
1789,2,105,59,36,92,38.7,0.227,25,0
1790,3,139,75,20,190,26.9,0.249,21,0
1791,2,101,87,36,119,33.8,0.139,21,0
1792,1,107,64,41,151,33.1,0.233,27,0
1793,1,164,75,42,183,37.6,0.751,30,1
1794,5,58,74,27,61,39.4,0.136,43,0
1795,5,117,96,52,336,41.4,0.186,67,0
1796,6,130,73,17,286,32.4,0.251,24,0
1797,4,113,68,16,303,26.5,0.276,44,0
1798,4,143,63,23,230,30.4,0.477,43,1
1799,4,111,60,20,218,24.1,0.305,25,0
1800,1,130,72,29,178,33.1,0.239,22,0
1801,2,82,63,26,118,26.3,0.645,29,0
1802,0,115,87,8,152,25.0,0.23,41,0
1803,7,90,89,31,66,29.7,0.209,50,0
1804,1,83,71,12,92,23.7,1.726,25,0
1805,5,141,87,32,156,30.4,0.358,48,1
1806,2,98,75,19,89,22.0,0.13,28,0
1807,3,137,95,8,200,24.9,0.176,25,0
1808,9,130,70,26,121,27.5,0.752,36,1
1809,1,86,55,34,29,32.8,0.267,25,0
1810,1,102,71,8,206,23.6,0.249,29,0
1811,8,189,80,35,338,38.5,1.18,36,1
1812,3,144,70,42,173,34.0,0.671,39,1
1813,6,99,79,18,41,19.9,0.666,30,0
1814,4,124,71,35,375,31.7,0.628,25,1
1815,3,144,79,33,184,36.4,0.269,26,1
1816,6,66,66,45,74,40.9,0.211,23,0
1817,0,84,67,44,235,38.2,1.304,21,1
1818,2,98,83,20,25,29.8,0.179,37,0
1819,9,167,99,45,36,32.3,0.686,29,1
1820,1,89,86,29,85,29.8,0.226,27,0
1821,12,137,84,25,99,33.5,0.263,52,0
1822,2,107,68,23,135,31.9,0.182,26,0
1823,5,85,48,31,70,23.4,0.281,39,0
1824,0,113,67,32,28,26.9,0.283,25,1
1825,5,191,72,50,398,54.6,0.644,25,1
1826,1,152,71,29,113,32.4,0.775,24,0
1827,0,105,69,21,114,24.3,0.488,21,0
1828,2,120,83,26,30,34.0,0.971,23,0
1829,5,80,62,37,101,36.5,0.216,28,0
1830,4,150,74,33,136,37.7,0.257,35,1
1831,4,91,80,20,71,25.2,0.237,31,0
1832,3,117,60,25,40,32.1,0.183,24,0
1833,7,180,78,37,176,32.8,0.555,33,1
1834,3,101,55,41,14,38.5,0.233,25,0
1835,2,157,70,27,138,35.3,0.305,33,1
1836,6,102,88,27,230,33.2,0.608,40,1
1837,2,120,70,30,73,32.1,0.454,38,0
1838,3,166,59,36,204,42.5,0.486,22,1
1839,4,175,51,31,583,36.5,0.393,37,1
1840,5,108,61,29,283,25.8,0.467,22,0
1841,3,83,78,27,82,34.7,0.745,61,0
1842,1,137,64,27,275,27.9,0.657,22,0
1843,0,77,65,18,17,23.5,0.46,25,0
1844,0,115,72,39,85,39.0,0.281,22,0
1845,3,168,81,29,138,34.9,0.321,68,1
1846,10,151,70,27,326,29.1,0.197,28,0
1847,8,114,53,31,142,39.0,0.521,33,1
1848,5,178,57,31,455,35.5,0.537,33,0
1849,1,88,78,25,20,30.4,0.29,32,1
1850,1,191,78,36,210,40.0,0.787,50,1
1851,7,190,80,21,303,32.8,0.205,53,1
1852,1,185,71,21,152,28.0,0.774,44,1
1853,3,96,71,15,128,32.4,0.32,25,1
1854,14,127,65,17,151,28.1,0.8,55,1
1855,4,144,65,18,199,27.2,0.637,43,1
1856,0,110,67,24,164,26.4,0.287,23,0
1857,1,107,46,20,67,25.3,0.166,24,0
1858,2,73,78,32,21,33.4,0.244,28,0
1859,1,88,89,48,14,39.8,0.741,45,1
1860,1,95,88,34,190,33.9,0.537,24,0
1861,3,173,88,27,178,35.7,0.143,23,1
1862,4,182,78,35,325,36.4,0.562,29,0
1863,5,122,46,19,36,28.2,0.352,29,0
1864,1,118,75,22,72,42.6,0.261,21,0
1865,1,103,79,40,97,44.4,0.341,22,0
1866,11,111,79,23,123,31.4,0.581,44,1
1867,8,111,63,24,79,27.6,0.362,30,1
1868,1,144,64,16,471,32.8,0.239,26,1
1869,2,88,57,13,123,33.2,0.267,22,0
1870,3,109,81,20,181,31.1,0.122,26,0
1871,3,100,80,40,128,41.6,1.187,28,0
1872,5,177,76,19,118,40.5,0.382,22,1
1873,6,158,71,23,44,29.9,0.244,48,1
1874,0,132,69,21,151,30.3,0.267,30,1
1875,3,153,76,31,135,39.2,0.305,35,1
1876,1,114,62,22,18,25.8,0.302,40,1
1877,4,124,60,32,294,28.7,0.362,50,0
1878,3,118,72,37,37,37.8,0.327,41,1
1879,1,94,73,34,14,39.3,0.126,30,0
1880,0,112,54,37,344,46.6,0.606,21,0
1881,7,144,74,25,245,28.5,0.723,26,0
1882,5,96,65,41,314,42.9,0.195,52,1
1883,3,122,64,23,286,23.4,0.59,39,0
1884,13,195,70,32,159,35.1,0.283,44,1
1885,0,165,70,18,320,24.5,0.308,52,1
1886,4,177,98,28,183,38.7,0.775,42,1
1887,1,100,70,41,120,29.2,0.891,21,0
1888,6,120,50,15,205,28.4,0.9,21,1
1889,3,119,70,30,292,29.9,0.223,63,0
1890,1,88,50,38,186,44.4,0.288,21,0
1891,1,135,73,28,145,32.9,0.508,41,1
1892,4,188,80,45,171,42.9,0.262,31,1
1893,6,89,60,19,74,31.8,0.612,22,0
1894,0,108,68,26,125,21.9,0.335,28,0
1895,0,82,72,44,202,41.6,0.296,22,0
1896,0,72,59,27,20,33.0,0.137,24,0
1897,1,116,81,41,55,47.1,0.366,29,0
1898,7,128,82,13,282,27.4,0.234,61,1
1899,12,96,85,26,64,29.2,0.176,60,0
1900,0,152,83,41,179,33.9,0.589,42,1
1901,8,131,94,30,200,40.6,0.108,51,0
1902,2,100,66,26,24,35.6,0.418,28,1
1903,8,147,80,35,169,38.9,0.347,55,1
1904,10,164,60,25,249,35.9,0.392,60,1
1905,4,110,75,12,166,28.3,0.875,23,0
1906,1,158,87,20,269,27.3,0.332,28,0
1907,1,93,32,14,318,23.3,0.262,37,0
1908,2,127,104,13,108,22.2,0.197,39,0
1909,3,119,73,27,230,33.3,0.852,32,1
1910,6,120,81,35,111,32.5,1.016,42,1
1911,8,129,71,30,44,39.9,0.9,42,1
1912,7,184,93,40,281,36.8,0.138,32,0
1913,9,134,68,11,145,25.2,1.301,30,1
1914,5,115,86,29,49,35.4,0.137,31,0
1915,7,93,75,25,171,36.7,0.549,28,1
1916,3,59,66,23,143,32.1,1.777,22,0
1917,1,83,49,12,81,28.0,0.487,22,0
1918,0,109,50,42,157,27.2,1.12,21,0
1919,13,115,61,41,182,28.7,0.294,41,1
1920,1,153,72,22,118,27.8,0.863,21,0
1921,0,76,57,18,52,18.2,0.503,21,0
1922,0,130,109,34,113,34.8,0.283,25,0
1923,1,83,57,23,38,34.7,0.452,23,0
1924,1,89,84,27,189,36.6,0.98,28,0
1925,10,94,75,25,78,25.0,0.242,34,0
1926,3,133,72,27,126,32.3,0.352,32,1
1927,1,153,86,40,271,38.9,1.154,33,0
1928,6,193,92,42,409,45.7,0.84,39,1
1929,1,57,25,8,36,24.3,0.225,23,0
1930,6,150,51,32,244,36.5,1.189,24,1
1931,10,93,81,29,22,29.0,0.325,42,0
1932,5,136,77,40,290,41.3,0.492,45,0
1933,0,82,78,21,113,29.8,0.65,23,0
1934,2,141,86,35,46,36.8,1.318,31,1
1935,5,155,79,42,97,34.5,0.238,27,0
1936,6,92,81,27,71,27.3,0.568,61,0
1937,6,154,84,25,732,34.4,0.357,62,1
1938,0,121,64,9,110,22.4,0.443,27,0
1939,8,101,73,19,194,20.1,1.054,43,0
1940,2,118,79,47,282,39.4,0.216,27,0
1941,5,92,62,19,81,26.9,0.844,25,0
1942,2,78,61,30,78,31.3,0.161,23,0
1943,2,149,85,30,282,25.1,0.564,25,0
1944,4,102,72,22,101,25.9,0.553,25,0
1945,0,119,81,28,68,30.5,0.972,27,0
1946,2,113,62,15,75,29.0,0.451,28,0
1947,8,127,64,28,127,37.7,0.209,32,0
1948,0,95,56,14,40,24.6,0.486,21,0
1949,11,112,79,32,44,28.9,0.684,58,1
1950,0,143,89,24,212,32.2,0.644,41,0
1951,0,131,77,27,165,42.2,1.138,22,1
1952,0,156,57,25,333,34.8,0.318,32,1
1953,0,123,74,9,215,23.8,0.354,25,0
1954,3,134,87,41,240,40.1,0.497,52,0
1955,1,114,77,40,188,45.0,0.747,26,0
1956,4,157,74,26,475,38.0,0.353,31,1
1957,5,143,72,36,291,34.7,0.389,26,0
1958,1,119,73,35,166,24.5,0.664,47,0
1959,3,114,72,38,330,42.8,1.223,23,0
1960,3,112,84,33,63,24.7,0.82,55,0
1961,2,141,57,16,213,21.9,0.593,22,0
1962,3,141,93,28,251,38.0,0.48,28,0
1963,2,108,69,39,330,36.3,0.294,31,0
1964,8,131,87,36,44,39.0,0.315,55,0
1965,6,101,88,28,91,27.3,0.145,69,0
1966,1,131,81,38,186,27.9,0.278,45,1
1967,2,179,83,22,232,34.6,0.423,33,1
1968,3,92,57,28,87,21.1,0.137,27,0
1969,7,150,65,24,468,33.5,0.259,49,1
1970,2,106,50,11,58,20.6,0.283,21,0
1971,6,121,80,15,332,22.5,0.269,27,0
1972,8,128,68,37,283,28.9,0.144,46,0
1973,2,127,64,36,299,29.7,0.499,38,0
1974,7,133,87,51,39,41.6,0.209,32,0
1975,0,135,71,24,304,36.7,0.693,22,0
1976,6,105,67,18,93,23.0,0.897,26,0
1977,8,159,78,24,305,23.1,0.155,51,1
1978,5,124,100,50,34,63.0,2.283,32,1
1979,6,122,81,30,159,41.5,0.229,32,0
1980,1,108,61,17,75,20.1,0.332,24,0
1981,4,105,85,32,149,28.9,0.243,37,0
1982,4,104,51,30,165,28.1,0.131,22,0
1983,8,107,85,33,207,26.6,0.667,57,0
1984,2,138,63,42,247,45.4,0.25,22,1
1985,6,184,83,14,98,27.6,0.348,62,1
1986,3,95,51,29,97,28.3,0.312,24,0
1987,7,186,85,27,656,34.6,0.623,31,0
1988,9,170,75,35,223,32.4,0.293,50,1
1989,2,167,85,40,223,39.3,0.25,24,0
1990,2,167,66,19,81,28.6,0.693,25,1
1991,9,101,75,22,69,25.0,0.278,26,0
1992,0,150,67,30,316,32.3,0.738,29,0
1993,0,124,73,17,293,30.6,0.485,26,0
1994,1,115,72,7,205,19.4,0.209,21,0
1995,0,100,58,25,65,36.3,0.217,21,0
1996,13,134,69,10,27,22.5,0.354,42,1
1997,7,96,58,36,24,27.3,0.143,28,0
1998,2,170,81,50,168,31.8,0.149,53,1
1999,1,127,57,7,87,19.8,0.451,23,0
2000,1,83,47,40,114,36.8,0.49,23,0
2001,7,171,79,26,167,33.7,0.392,48,1
2002,2,87,66,18,19,28.5,0.1,21,0
2003,3,118,57,50,362,36.9,0.273,31,0
2004,1,127,70,28,200,32.0,0.169,22,0
2005,4,195,70,31,192,27.7,0.776,29,1
2006,1,112,68,28,152,35.9,0.462,25,0
2007,1,110,72,12,331,22.8,0.259,21,0
2008,6,104,89,16,136,23.0,0.212,42,0
2009,1,107,87,40,171,34.7,0.496,21,0
2010,5,152,80,45,146,40.9,0.5,47,1
2011,4,128,51,20,76,24.5,0.095,24,0
2012,2,148,91,26,232,34.3,0.33,47,0
2013,1,128,83,34,156,45.0,0.733,41,0
2014,1,109,71,8,43,25.1,0.207,21,0
2015,5,79,75,32,98,46.4,0.197,31,0
2016,2,89,56,20,14,23.0,0.191,45,0
2017,1,121,87,36,107,30.5,0.678,31,1
2018,1,179,96,27,94,26.6,0.742,30,1
2019,4,84,64,26,166,32.3,0.179,24,0
2020,7,121,70,39,92,39.2,0.65,53,0
2021,4,145,72,31,65,32.1,0.438,44,1
2022,3,145,76,27,172,42.3,0.261,24,1
2023,1,93,89,44,98,33.3,0.233,31,0
2024,4,198,67,32,787,41.2,0.824,49,1
2025,0,115,25,37,283,34.7,0.8,24,0
2026,3,144,72,41,134,35.4,0.762,24,1
2027,10,164,98,36,410,37.5,0.412,52,1
2028,1,122,69,20,65,26.2,0.919,44,0
2029,0,136,79,40,366,38.7,0.697,40,1
2030,11,138,70,51,533,42.1,0.242,35,0
2031,0,108,83,21,140,22.9,0.298,24,0
2032,4,109,52,23,125,25.3,0.193,23,0
2033,0,103,74,30,169,38.2,0.294,26,0
2034,1,73,59,10,24,24.9,0.234,21,0
2035,4,153,74,29,188,37.9,0.465,41,0
2036,3,75,75,10,51,27.0,0.844,46,0
2037,2,93,82,25,61,39.6,0.305,33,0
2038,4,137,81,41,98,27.3,0.139,41,0
2039,11,144,75,32,292,31.8,0.584,55,1
2040,1,119,73,30,181,43.6,0.097,28,1
2041,7,184,72,36,174,32.8,0.195,43,1
2042,2,84,57,16,19,35.2,0.269,23,0
2043,1,106,69,40,202,40.5,0.955,30,1
2044,0,90,82,27,55,38.4,0.474,21,0
2045,1,88,61,27,49,28.5,0.682,21,0
2046,2,126,71,41,186,39.6,0.481,25,0
2047,5,114,64,35,81,40.8,0.461,40,0
2048,1,89,64,10,143,37.0,0.788,36,0
2049,1,151,74,15,213,29.6,1.404,28,1
2050,9,71,58,7,29,22.7,0.266,28,0
2051,1,87,66,44,15,38.6,0.132,24,0
2052,6,94,69,22,45,23.2,0.46,40,0
2053,4,156,68,17,235,25.2,0.197,25,0
2054,6,137,77,11,246,22.0,0.206,21,0
2055,6,118,79,43,321,30.1,0.57,23,1
2056,11,115,72,32,47,30.7,0.192,45,1
2057,3,118,56,30,151,31.8,0.279,24,0
2058,2,98,68,42,104,31.7,0.353,29,0
2059,5,95,68,28,137,29.9,0.42,27,0
2060,0,123,65,38,123,34.0,0.676,22,1
2061,9,90,81,24,14,32.8,0.259,31,1
2062,6,104,60,41,128,32.3,0.491,23,1
2063,2,117,56,35,191,27.8,0.57,24,0
2064,4,82,54,19,83,21.6,0.411,22,0
2065,5,112,78,10,179,19.4,0.16,29,0
2066,1,66,65,27,49,34.3,0.214,22,0
2067,0,103,63,32,14,32.4,0.36,24,0
2068,5,195,83,31,304,32.2,0.219,45,0
2069,0,121,87,38,243,34.9,0.652,25,0
2070,7,149,84,45,108,34.4,0.417,69,0
2071,2,132,59,28,228,26.9,0.081,24,0
2072,7,93,72,45,115,38.4,0.695,22,0
2073,1,186,79,34,211,25.5,0.932,50,1
2074,3,103,90,18,17,23.0,0.212,46,0
2075,3,149,64,20,171,31.3,0.435,46,1
2076,8,129,86,29,193,34.4,0.267,63,0
2077,0,90,64,47,71,42.7,0.445,28,0
2078,3,59,79,41,58,34.4,0.268,25,0
2079,1,71,79,20,40,29.9,0.273,25,0
2080,6,157,67,13,232,28.0,0.735,64,0
2081,8,180,84,31,28,31.7,0.549,43,1
2082,0,85,69,33,90,35.8,0.562,21,1
2083,0,155,74,41,289,44.2,0.483,21,0
2084,9,180,83,29,265,33.4,1.245,54,1
2085,0,106,65,23,76,25.7,1.2,38,0
2086,7,129,78,32,233,33.6,0.468,37,0
2087,5,190,111,18,159,30.4,0.17,54,1
2088,2,86,49,14,58,25.5,0.25,21,0
2089,9,131,80,39,251,36.7,0.243,46,1
2090,5,123,84,43,220,42.1,0.507,35,1
2091,1,99,64,37,104,33.3,0.392,22,0
2092,3,120,71,28,188,26.0,0.612,27,0
2093,3,123,71,14,234,25.3,0.55,27,0
2094,5,192,70,40,85,38.9,0.282,56,0
2095,7,130,70,25,184,38.0,0.318,42,0
2096,2,128,82,17,196,22.0,0.341,36,0
2097,0,131,62,28,114,35.6,0.324,21,0
2098,7,89,75,37,150,35.5,0.741,47,0
2099,5,84,68,29,61,30.8,0.727,29,0
2100,6,142,82,32,238,30.3,0.315,50,0
2101,0,129,72,38,130,46.5,0.566,22,1
2102,7,81,76,33,127,30.2,0.301,46,0
2103,1,121,60,43,226,35.5,0.381,30,1
2104,9,110,71,55,15,38.1,0.582,23,1
2105,4,197,78,41,481,34.3,0.228,55,1
2106,3,108,70,38,128,33.4,0.545,21,0
2107,5,130,88,51,94,42.3,0.165,24,0
2108,2,158,68,28,358,38.7,0.208,52,1
2109,3,155,73,36,194,34.7,0.146,21,1
2110,6,115,78,37,111,31.3,0.264,46,0
2111,2,85,61,23,14,22.6,0.247,21,0
2112,4,109,69,29,143,35.8,0.222,23,0
2113,3,108,54,7,292,22.7,0.103,39,0
2114,6,144,88,23,187,30.0,0.216,42,0
2115,0,172,73,31,169,39.3,0.715,26,1
2116,3,183,58,23,473,32.1,0.9,32,1
2117,5,134,84,19,275,30.5,0.281,25,0
2118,2,108,66,22,297,46.1,0.969,23,0
2119,9,168,83,32,26,30.2,0.252,25,1
2120,5,140,78,25,125,38.1,1.775,35,1
2121,3,98,59,38,132,38.9,0.298,27,0
2122,0,84,51,13,50,20.0,0.28,22,0
2123,3,117,75,41,163,48.3,0.621,29,1
2124,4,103,66,38,135,33.1,0.64,41,1
2125,4,121,79,30,165,34.0,0.177,25,0
2126,6,132,77,33,82,32.8,1.099,23,0
2127,4,100,73,25,148,32.5,0.195,22,0
2128,4,90,73,33,59,27.8,0.392,48,0
2129,3,183,84,38,408,37.0,0.263,26,1
2130,5,170,80,41,250,31.9,0.406,45,1
2131,6,93,60,39,84,35.2,0.613,23,0
2132,7,125,90,50,203,40.2,0.289,26,0
2133,7,106,73,22,214,25.4,0.094,38,1
2134,10,113,75,38,123,30.3,0.262,44,0
2135,4,178,86,33,148,45.3,0.357,23,1
2136,9,167,77,41,357,43.3,0.363,35,1
2137,2,90,60,27,93,36.9,0.735,22,0
2138,1,94,68,39,156,25.1,0.452,22,0
2139,9,110,66,38,93,35.8,0.718,25,0
2140,2,126,56,36,317,24.9,0.274,25,0
2141,7,196,62,45,182,40.5,1.326,39,1
2142,0,105,52,13,79,31.3,0.424,28,0
2143,4,121,71,32,227,30.7,0.362,37,1
2144,3,172,69,38,265,30.2,1.099,23,1
2145,1,89,81,26,38,24.6,0.288,24,0
2146,1,126,67,17,86,33.1,0.122,28,0
2147,13,113,82,18,359,33.1,0.337,52,1
2148,2,119,79,37,95,33.8,0.297,28,0
2149,2,107,77,44,96,45.9,0.956,21,1
2150,1,83,86,26,78,39.8,0.301,23,0
2151,0,184,91,18,222,28.2,0.31,33,1
2152,0,154,89,44,315,35.7,0.373,24,1
2153,1,115,70,15,131,36.3,0.403,23,0
2154,0,125,104,53,204,64.4,0.811,34,1
2155,0,100,78,30,50,29.9,0.965,27,0
2156,1,172,61,33,161,36.5,0.57,29,1
2157,1,60,74,23,20,28.9,0.227,22,0
2158,0,90,84,28,14,33.4,0.436,27,0
2159,0,115,88,34,311,28.6,0.27,21,0
2160,8,106,86,16,150,23.4,0.25,60,0
2161,4,156,89,41,14,43.9,0.262,22,1
2162,2,94,88,26,14,24.9,0.274,26,0
2163,2,107,45,26,77,24.3,0.182,37,0
2164,4,189,76,34,383,38.7,0.256,52,1
2165,3,129,51,27,90,26.8,0.139,22,0
2166,9,188,70,40,115,30.1,0.35,45,1
2167,13,106,74,24,87,35.7,0.949,54,1
2168,3,89,70,14,84,22.6,0.172,25,0
2169,8,130,60,47,103,33.8,0.666,65,0
2170,1,146,81,22,200,29.5,0.283,21,0
2171,2,111,73,36,301,45.0,0.601,49,0
2172,0,81,59,8,132,19.2,0.619,22,0
2173,1,107,59,16,63,34.6,0.215,23,0
2174,10,109,40,10,203,20.1,0.121,27,0
2175,2,132,75,12,170,32.0,0.553,34,0
2176,1,103,71,16,76,28.6,0.214,29,0
2177,3,101,92,42,40,38.9,0.495,60,0
2178,2,58,75,14,35,22.4,0.663,30,0
2179,3,116,80,38,53,24.8,0.8,27,0
2180,11,87,81,19,176,36.9,1.209,59,0
2181,6,151,65,11,227,27.2,0.221,29,0
2182,0,161,75,40,479,35.3,0.94,32,1
2183,5,103,71,34,14,25.5,0.201,37,0
2184,7,135,92,27,99,23.8,0.31,68,0
2185,6,81,48,18,169,26.9,0.266,22,0
2186,0,94,61,30,74,25.1,0.335,22,0
2187,1,88,78,26,115,40.4,0.293,21,0
2188,1,131,79,19,281,20.7,0.482,21,0
2189,4,89,59,24,15,29.8,0.684,23,0
2190,0,193,64,20,501,35.3,0.455,21,1
2191,3,121,81,11,51,25.8,0.71,30,0
2192,3,112,66,24,183,25.3,0.818,23,0
2193,1,146,89,24,155,32.4,0.787,41,0
2194,10,106,72,46,272,37.8,0.703,64,0
2195,4,125,84,33,187,33.1,0.279,46,1
2196,0,140,71,30,82,34.4,0.529,28,0
2197,2,85,58,15,44,24.6,0.67,29,0
2198,1,102,79,22,87,35.7,0.322,22,0
2199,1,84,89,26,116,34.4,0.623,27,0
2200,1,62,56,24,14,29.1,0.474,25,0
2201,0,164,79,49,133,43.7,0.148,23,1
2202,7,112,86,40,244,44.2,0.508,42,1
2203,10,191,76,40,146,35.0,0.224,42,1
2204,10,157,86,40,595,31.2,0.248,36,1
2205,1,111,75,24,77,26.1,0.819,22,0
2206,0,92,84,27,36,32.7,0.228,28,0
2207,2,100,73,40,87,44.0,0.425,23,1
2208,8,74,54,29,18,32.0,0.19,29,0
2209,0,138,57,37,71,35.6,0.67,25,1
2210,2,152,64,36,71,26.8,0.102,36,0
2211,5,97,85,40,22,34.8,0.24,38,0
2212,1,100,59,27,39,37.6,0.405,21,0
2213,12,128,77,37,182,27.8,0.548,79,0
2214,0,138,61,14,143,28.0,0.287,21,0
2215,0,114,64,27,161,35.2,0.804,21,0
2216,3,84,66,25,74,32.5,0.419,27,0
2217,6,90,66,20,29,25.5,0.282,41,0
2218,4,83,74,15,104,23.1,0.869,45,1
2219,1,76,56,12,145,26.9,1.284,21,0
2220,2,156,63,32,99,28.2,0.093,33,0
2221,3,91,78,37,56,38.4,1.199,24,0
2222,13,169,104,33,283,33.5,0.563,51,1
2223,7,146,59,20,52,27.1,0.2,29,0
2224,0,123,85,24,329,38.4,0.25,21,0
2225,2,81,60,20,66,28.4,0.237,26,0
2226,9,120,87,36,171,29.1,0.204,51,0
2227,6,102,76,30,101,34.1,0.547,30,0
2228,1,137,69,39,272,34.1,0.567,22,0
2229,7,94,83,37,92,53.1,0.165,34,0
2230,6,141,76,35,147,31.1,0.547,44,1
2231,6,159,78,35,192,27.5,0.116,39,0
2232,1,102,54,18,56,30.4,0.396,24,0
2233,4,85,70,17,134,32.9,0.388,30,0
2234,0,99,76,31,65,36.1,0.622,21,0
2235,7,105,71,54,142,40.9,0.321,35,0
2236,4,109,59,25,40,38.0,0.396,25,0
2237,4,121,61,23,157,35.0,0.407,24,0
2238,3,129,88,44,55,35.7,0.434,34,0
2239,0,177,77,32,124,34.0,0.423,22,1
2240,7,82,93,27,52,24.2,0.215,40,0
2241,5,84,60,14,47,19.4,0.232,22,0
2242,1,94,73,34,100,35.8,0.325,24,0
2243,3,126,85,28,166,33.2,0.272,25,1
2244,2,149,76,50,352,40.6,0.534,25,0
2245,9,119,73,12,67,24.2,1.114,48,0
2246,3,124,57,24,165,34.7,1.151,33,1
2247,8,168,84,22,371,35.1,0.245,59,0
2248,1,121,78,54,130,44.9,0.416,27,0
2249,2,131,83,14,152,25.8,0.751,63,1
2250,3,137,59,41,276,42.4,1.408,21,0
2251,11,144,81,37,187,34.9,0.302,47,1
2252,2,157,109,24,201,40.8,0.567,27,0
2253,4,148,60,38,284,31.8,0.11,24,1
2254,1,78,59,14,32,30.4,0.537,21,0
2255,9,112,78,24,14,25.3,0.148,51,0
2256,0,98,67,31,53,30.9,0.378,24,0
2257,4,118,92,23,89,30.3,0.17,22,0
2258,0,116,53,41,59,35.4,0.109,24,0
2259,0,104,51,28,96,35.6,0.28,21,1
2260,6,136,63,26,124,30.2,0.304,31,0
2261,3,173,80,46,190,42.6,0.704,38,1
2262,5,120,56,22,50,25.6,0.126,49,1
2263,1,73,61,20,14,25.8,0.758,21,0
2264,2,105,72,33,151,38.0,0.606,43,1
2265,4,105,50,17,283,19.3,0.125,27,0
2266,0,95,57,21,56,30.7,0.293,24,0
2267,0,114,71,23,17,33.9,0.137,25,0
2268,5,179,77,36,236,45.7,0.55,43,1
2269,3,89,67,20,14,27.0,0.078,22,0
2270,3,178,65,31,347,29.5,0.148,38,1
2271,3,87,90,7,14,18.2,0.184,22,0
2272,0,109,68,17,260,28.5,1.718,24,0
2273,0,108,55,40,115,36.2,0.353,26,0
2274,1,93,67,18,18,22.0,0.209,41,0
2275,6,95,81,22,124,23.8,0.078,24,0
2276,7,168,82,44,456,43.8,1.331,45,1
2277,2,105,64,20,103,27.2,0.219,22,1
2278,1,127,72,29,191,26.1,0.556,29,0
2279,1,93,52,28,91,24.5,0.33,21,0
2280,4,89,60,32,14,44.5,1.126,25,1
2281,2,127,58,17,191,28.0,0.373,22,0
2282,0,86,43,12,20,28.3,0.248,21,0
2283,0,84,80,39,126,36.7,0.513,43,0
2284,4,113,74,32,113,27.4,0.458,32,0
2285,2,160,65,30,264,40.3,0.35,33,1
2286,11,160,85,43,251,39.2,0.761,47,1
2287,5,84,53,10,36,22.1,0.28,25,0
2288,1,116,72,18,98,22.4,0.262,39,0
2289,4,77,66,32,62,24.0,0.436,33,0
2290,11,161,67,18,199,30.7,0.371,52,1
2291,10,191,72,43,273,33.5,0.567,31,1
2292,3,115,75,36,173,34.8,0.242,54,1
2293,1,111,72,36,85,35.1,0.735,23,0
2294,7,168,58,12,196,24.1,0.269,38,1
2295,10,88,56,49,40,33.6,0.221,66,0
2296,1,108,72,18,70,29.9,0.082,23,0
2297,1,140,74,25,129,22.8,0.268,26,0
2298,4,120,81,37,154,41.5,0.15,22,0
2299,1,95,57,40,57,29.7,0.203,23,0
2300,14,166,72,28,146,34.5,0.726,38,1
2301,6,100,74,23,170,24.1,0.254,27,0
2302,5,121,87,34,364,32.4,0.497,28,0
2303,2,113,77,44,292,42.2,1.451,36,0
2304,3,127,90,41,26,32.6,0.869,29,1
2305,2,105,77,29,121,36.8,0.206,41,1
2306,2,90,62,7,123,24.4,0.276,23,0
2307,8,163,62,23,175,21.2,0.296,29,0
2308,2,108,83,9,56,25.2,0.486,34,0
2309,3,199,74,24,526,36.9,0.319,65,1
2310,1,106,57,27,31,24.9,0.469,30,0
2311,0,86,78,31,76,35.5,0.219,25,0
2312,7,122,51,36,320,30.7,0.252,47,1
2313,4,69,42,27,77,31.0,0.753,25,0
2314,3,133,81,27,89,34.0,0.247,42,0
2315,3,88,50,33,112,26.5,0.193,37,0
2316,2,83,73,27,250,35.3,0.462,23,0
2317,8,86,77,12,190,32.5,0.959,24,0
2318,3,114,64,49,93,34.8,0.296,27,1
2319,6,93,73,40,90,30.9,0.346,37,0
2320,5,123,75,32,328,29.5,0.658,57,0
2321,5,78,81,14,184,28.1,0.39,27,0
2322,3,80,58,39,28,38.6,0.231,21,0
2323,1,99,87,28,139,31.6,0.18,30,0
2324,3,115,66,13,170,27.0,0.396,37,0
2325,3,182,79,26,516,33.9,0.275,44,1
2326,2,107,96,48,14,35.2,0.255,25,0
2327,1,108,77,32,60,38.0,0.262,28,0
2328,2,179,73,40,204,29.6,0.628,53,1
2329,5,153,67,26,244,26.4,0.656,40,1
2330,5,147,71,18,253,21.7,0.087,28,0
2331,0,159,83,38,120,42.9,0.336,21,0
2332,6,122,64,29,283,26.6,0.211,38,0
2333,1,150,70,39,198,40.2,0.373,29,1
2334,6,137,73,35,158,37.2,0.164,40,0
2335,7,141,68,48,129,35.8,0.53,33,1
2336,6,67,60,21,18,32.8,0.322,22,0
2337,9,156,87,39,290,43.8,0.552,44,1
2338,0,93,63,25,127,28.7,0.193,21,0
2339,0,90,85,15,167,24.8,0.25,22,0
2340,1,186,80,25,355,30.2,0.501,49,1
2341,5,148,87,25,373,33.5,0.715,53,1
2342,7,159,67,25,187,25.1,0.442,45,1
2343,1,102,68,22,214,26.0,0.378,28,0
2344,5,129,80,42,52,38.3,0.641,45,0
2345,3,96,89,15,34,25.0,0.273,28,0
2346,1,104,79,50,79,38.9,0.172,48,0
2347,1,160,70,23,116,36.2,0.865,31,1
2348,1,116,56,23,48,28.4,0.347,22,0
2349,7,96,82,34,123,32.8,0.267,33,1
2350,0,88,64,17,91,35.1,1.032,31,0
2351,9,157,90,25,251,31.6,0.313,33,1
2352,8,144,94,31,282,34.2,0.656,69,0
2353,0,140,64,33,225,41.2,0.606,27,1
2354,1,80,77,41,115,38.3,0.302,25,0
2355,1,87,69,33,98,32.0,1.39,28,1
2356,2,99,78,42,114,37.2,0.472,24,0
2357,0,122,73,46,137,43.2,0.735,22,1
2358,10,143,71,32,198,38.4,0.276,30,1
2359,2,135,76,24,300,39.8,1.429,30,1
2360,5,127,69,22,285,23.1,0.279,23,0
2361,0,90,62,15,66,18.3,0.464,28,0
2362,1,125,75,48,252,40.4,0.241,21,0
2363,4,82,68,13,14,21.4,0.175,32,0
2364,2,178,49,10,382,25.0,0.415,57,1
2365,0,171,70,51,223,46.7,0.204,22,1
2366,5,99,54,26,30,36.0,0.646,21,0
2367,0,85,64,32,80,32.7,0.339,22,0
2368,4,88,80,17,47,33.6,0.364,26,0
2369,2,87,60,29,72,33.5,0.574,21,0
2370,10,120,88,8,69,20.4,0.257,65,0
2371,9,139,99,25,95,31.9,0.209,39,1
2372,11,125,75,35,262,42.8,0.641,43,1
2373,3,128,69,34,240,30.6,0.555,27,1
2374,5,141,87,50,523,44.4,0.41,40,0
2375,0,78,59,28,75,25.5,0.675,21,0
2376,1,114,64,28,50,40.0,0.402,39,0
2377,9,101,60,25,84,23.2,0.37,34,1
2378,6,139,67,31,16,24.1,0.094,46,1
2379,9,129,61,31,107,37.2,0.229,37,1
2380,1,117,80,31,227,32.5,0.149,28,0
2381,6,80,71,23,83,34.1,0.442,31,0
2382,0,60,53,25,272,39.0,0.182,23,0
2383,2,75,63,11,94,22.4,0.109,22,0
2384,2,58,47,23,14,27.2,0.262,23,0
2385,0,109,83,32,262,25.2,0.309,23,0
2386,6,156,88,14,144,27.9,0.576,26,0
2387,7,100,58,28,169,31.5,0.276,28,0
2388,4,84,70,34,384,34.3,0.847,54,0
2389,3,94,65,27,52,22.2,0.27,22,0
2390,2,133,63,27,143,37.4,0.631,21,0
2391,1,84,68,18,77,27.6,0.294,24,0
2392,1,81,88,28,61,31.4,0.133,26,0
2393,9,90,88,16,77,24.6,0.179,23,0
2394,3,137,60,29,198,35.0,0.305,23,0
2395,1,129,58,32,88,40.4,0.378,24,0
2396,8,138,59,30,40,36.7,0.447,36,0
2397,5,90,71,41,42,38.3,0.245,33,0
2398,3,94,63,20,15,29.9,0.386,25,0
2399,3,142,85,40,244,41.4,0.139,60,0
2400,6,125,81,32,123,33.0,1.193,42,1
2401,3,123,73,13,131,22.3,0.698,28,0
2402,8,114,81,25,206,30.2,0.225,42,1
2403,4,125,75,33,93,22.5,0.275,30,0
2404,0,116,85,23,126,28.8,0.19,50,1
2405,1,102,75,17,54,25.3,0.94,21,0
2406,5,182,87,41,621,43.7,0.319,41,1
2407,3,80,74,13,14,19.4,0.586,37,0
2408,6,119,80,20,106,26.7,0.861,52,1
2409,7,100,90,35,60,26.0,0.188,24,0
2410,6,91,56,28,104,38.8,0.936,59,0
2411,5,124,87,50,32,42.6,0.486,30,0
2412,1,131,75,44,171,39.8,0.551,61,0
2413,11,90,87,27,93,51.2,0.505,65,1
2414,2,117,73,22,190,29.5,0.129,21,0
2415,5,91,75,22,45,29.0,0.562,22,0
2416,0,155,80,45,454,42.2,0.694,25,1
2417,1,78,50,30,14,24.0,0.315,22,0
2418,0,126,58,31,237,29.2,0.369,30,1
2419,11,139,74,32,104,34.4,0.19,27,1
2420,4,100,71,20,22,27.2,0.275,23,0
2421,7,154,85,38,304,33.1,0.626,56,0
2422,2,122,74,35,154,42.3,1.421,25,0
2423,1,181,77,30,402,40.9,1.228,59,1
2424,0,172,70,28,204,34.9,0.217,21,1
2425,8,80,79,30,16,20.9,0.293,28,0
2426,0,131,67,28,160,34.4,0.325,23,1
2427,3,115,72,22,160,41.2,0.566,24,1
2428,7,127,80,23,388,30.2,0.191,54,0
2429,6,121,80,29,152,32.6,0.416,49,0
2430,1,184,92,30,266,35.6,0.502,46,1
2431,2,191,55,23,300,33.1,0.174,44,0
2432,0,108,68,18,14,23.7,0.677,28,0
2433,0,129,83,23,173,32.9,0.244,22,0
2434,5,98,57,38,122,43.5,0.163,21,0
2435,1,87,64,39,66,34.3,0.135,22,0
2436,4,129,81,42,98,45.9,0.113,53,0
2437,6,152,51,14,185,31.6,0.394,24,1
2438,2,133,78,19,163,26.4,0.704,28,0
2439,9,108,87,37,36,43.4,2.181,26,1
2440,4,195,56,34,723,32.9,0.163,57,0
2441,1,105,76,20,146,33.1,0.239,27,0
2442,3,124,110,37,14,36.9,1.078,30,1
2443,6,146,79,45,234,42.1,0.243,40,1
2444,5,102,57,20,182,30.8,0.549,31,0
2445,1,111,63,32,52,37.4,0.32,25,0
2446,1,104,46,26,131,30.7,0.488,22,0
2447,0,137,70,8,297,39.9,0.74,26,1
2448,1,117,69,19,73,28.8,0.556,27,0
2449,1,87,64,18,14,35.9,0.078,23,0
2450,0,123,68,23,118,37.2,0.538,21,0
2451,2,172,80,23,234,31.2,0.531,32,1
2452,0,134,67,36,105,40.2,0.133,22,0
2453,0,108,55,26,26,26.5,0.741,21,0
2454,8,95,78,15,280,25.7,0.662,47,0
2455,0,118,44,13,213,31.4,0.526,27,0
2456,0,83,49,14,38,23.0,0.424,21,0
2457,1,71,56,12,14,23.5,0.302,21,0
2458,3,195,88,49,526,42.0,0.885,44,1
2459,5,112,86,35,122,34.3,0.192,25,0
2460,3,114,59,36,26,37.9,0.561,22,1
2461,4,156,77,32,172,34.9,0.094,31,1
2462,3,130,70,23,368,33.8,0.404,27,1
2463,13,114,75,42,183,33.3,0.298,43,1
2464,8,165,91,30,205,32.0,0.835,58,1
2465,7,108,71,39,150,38.1,0.267,30,0
2466,0,97,76,12,54,23.6,0.124,23,0
2467,1,128,67,41,262,32.4,0.183,28,0
2468,1,129,72,20,132,28.9,0.203,22,0
2469,3,107,70,16,125,23.4,0.175,23,0
2470,1,106,73,19,204,37.3,0.465,21,0
2471,2,95,62,12,73,19.1,0.631,32,0
2472,2,119,63,24,111,34.6,0.418,28,1
2473,3,181,74,34,431,37.0,0.9,24,1
2474,0,90,80,25,92,35.3,0.395,26,0
2475,3,168,60,28,262,29.9,0.628,29,1
2476,8,123,74,32,290,36.6,0.193,38,1
2477,1,87,87,14,80,27.9,0.183,21,0
2478,4,48,58,25,17,27.1,0.313,29,0
2479,4,114,75,33,61,32.1,0.375,29,0
2480,2,84,70,14,84,27.0,0.699,25,0
2481,9,142,112,35,88,37.6,0.993,42,1
2482,9,192,81,49,371,34.7,1.562,59,1
2483,0,95,65,17,68,19.6,0.234,24,0
2484,2,149,55,35,67,30.2,0.374,36,0
2485,3,88,102,47,120,40.3,0.961,59,0
2486,4,130,96,30,316,28.5,0.52,54,0
2487,1,121,87,9,329,25.7,0.117,26,0
2488,0,74,69,22,25,25.4,0.443,21,0
2489,0,104,60,10,202,21.4,0.315,26,0
2490,0,103,61,32,69,23.9,0.431,21,0
2491,5,94,72,45,23,33.5,0.241,40,1
2492,3,100,47,16,136,32.9,0.491,43,1
2493,3,121,59,22,215,23.7,0.129,21,0
2494,5,135,83,32,223,41.8,0.884,41,0
2495,1,113,61,14,26,23.8,0.525,25,0
2496,5,86,64,31,17,34.9,0.269,43,0
2497,1,77,66,24,17,32.4,0.078,31,0
2498,13,114,82,19,115,24.8,0.225,46,1
2499,5,105,76,34,271,30.5,0.425,65,0
2500,5,126,79,23,98,34.5,0.278,36,1
2501,3,112,84,41,65,46.5,0.565,25,0
2502,10,120,58,28,95,33.1,0.078,34,0
2503,0,106,68,20,392,23.4,0.669,21,0
2504,5,103,73,23,54,29.5,0.482,22,0
2505,4,144,51,29,371,48.9,0.538,39,1
2506,5,87,69,26,128,28.8,0.575,30,1
2507,12,96,65,29,51,35.2,0.905,24,0
2508,2,56,84,24,76,40.5,0.897,30,0
2509,10,173,95,44,263,37.5,1.136,59,1
2510,2,101,65,16,71,32.5,0.273,24,0
2511,1,125,78,20,281,24.9,0.352,21,0
2512,2,114,72,21,126,33.7,0.236,41,1
2513,10,124,61,34,287,32.9,0.164,30,0
2514,1,142,70,28,130,27.7,1.043,22,0
2515,9,125,105,49,132,49.6,0.66,44,1
2516,4,167,61,32,351,33.9,0.171,23,1
2517,10,112,72,13,109,22.0,0.109,38,0
2518,10,175,66,35,508,23.9,0.342,48,1
2519,2,155,73,28,204,37.6,0.137,25,0
2520,1,87,61,28,113,31.4,0.369,31,1
2521,8,158,85,33,180,38.5,0.839,30,1
2522,0,125,69,19,71,26.6,0.278,23,0
2523,1,199,84,25,664,30.3,0.257,21,1
2524,0,96,72,46,37,43.1,0.415,46,1
2525,3,142,77,36,65,40.4,0.729,27,1
2526,2,114,66,22,118,29.8,0.08,31,0
2527,4,90,68,17,57,26.9,0.401,22,0
2528,4,129,60,47,105,33.2,0.755,22,1
2529,10,123,71,46,140,36.4,0.91,61,1
2530,3,119,69,28,215,30.8,0.236,39,1
2531,0,100,54,25,98,26.9,0.4,22,0
2532,5,134,67,43,166,40.1,0.223,32,1
2533,8,137,80,13,116,25.2,0.592,24,0
2534,1,124,59,23,128,30.2,0.47,38,0
2535,9,131,52,42,89,43.5,0.308,45,0
2536,8,151,80,21,169,28.6,0.194,29,1
2537,0,118,84,34,90,44.8,0.641,37,0
2538,5,130,79,33,60,29.1,0.171,45,0
2539,9,67,55,24,93,28.3,0.664,24,0
2540,4,156,66,46,139,59.9,2.18,29,1
2541,6,98,61,24,92,29.4,0.433,23,0
2542,7,172,65,44,194,38.6,0.6,27,1
2543,7,104,65,41,14,31.9,0.364,65,0
2544,10,109,75,21,138,33.8,0.789,68,0
2545,2,91,67,32,52,30.3,0.303,25,0
2546,3,105,71,37,14,27.3,0.445,30,0
2547,1,111,65,22,160,24.0,0.292,23,0
2548,2,114,55,30,16,27.3,0.26,22,0
2549,4,161,103,19,107,29.4,0.209,43,1
2550,7,138,72,38,140,29.3,0.166,25,0
2551,5,143,77,28,61,35.4,0.272,22,0
2552,1,159,74,30,234,32.9,0.382,26,1
2553,2,98,70,28,62,27.2,0.12,24,0
2554,7,108,71,31,27,37.7,0.376,37,1
2555,7,184,76,25,342,33.7,0.078,29,1
2556,8,133,68,24,150,24.2,0.446,38,1
2557,8,142,83,35,160,25.1,0.167,52,1
2558,6,107,65,26,19,37.2,0.729,23,1
2559,4,125,69,20,98,26.2,0.283,23,0
2560,11,101,89,19,98,23.5,0.172,36,0
2561,0,115,62,32,272,37.7,0.236,24,1
2562,4,135,70,35,132,29.3,1.348,35,1
2563,3,121,76,18,82,27.2,0.657,25,0
2564,9,163,64,37,291,29.7,0.472,47,1
2565,1,111,61,40,181,37.1,0.346,21,0
2566,8,150,81,31,92,31.1,0.273,32,1
2567,8,182,76,26,165,28.3,0.729,49,1
2568,5,141,65,46,278,39.3,0.474,30,1
2569,7,87,69,26,59,28.6,0.262,68,0
2570,1,192,68,46,348,33.3,0.652,34,0
2571,4,83,65,33,20,29.8,0.173,25,0
2572,8,117,78,40,105,34.3,0.388,28,0
2573,0,106,26,17,43,22.9,0.254,22,0
2574,8,104,93,25,192,32.1,0.554,33,0
2575,7,124,71,16,144,27.6,0.174,29,1
2576,7,136,69,21,158,24.3,0.186,40,0
2577,12,152,83,10,285,24.8,0.265,36,0
2578,10,94,61,35,106,29.2,0.739,56,0
2579,0,162,61,39,126,41.3,0.621,22,0
2580,2,113,81,33,162,29.1,0.751,40,0
2581,6,106,73,26,129,35.2,0.474,38,0
2582,7,87,64,23,66,29.1,0.197,25,0
2583,2,137,62,28,281,33.3,0.16,24,0
2584,12,86,63,28,39,25.1,0.346,65,0
2585,5,99,79,30,153,34.3,0.319,30,0
2586,2,94,60,24,112,23.3,0.185,32,0
2587,7,97,68,14,73,27.8,0.514,35,0
2588,5,92,70,32,67,30.4,0.454,33,0
2589,1,102,85,26,170,26.8,1.266,27,0
2590,4,77,88,11,16,24.3,0.184,25,0
2591,5,170,80,12,505,36.1,0.666,40,1
2592,10,100,69,22,217,24.3,0.289,64,0
2593,9,119,68,23,107,28.8,0.595,46,0
2594,1,166,80,49,325,42.5,0.639,47,1
2595,2,125,66,32,226,33.5,0.212,24,0
2596,0,108,59,13,100,27.4,0.35,23,0
2597,3,91,70,10,54,23.0,0.137,25,0
2598,0,125,90,51,110,42.8,0.543,40,1
2599,8,163,74,55,161,37.1,0.423,38,1
2600,3,99,62,25,238,36.2,0.96,21,0
2601,0,121,68,8,91,21.7,0.471,32,0
2602,4,85,63,11,104,29.7,0.432,25,0
2603,6,116,73,13,120,18.4,0.152,37,0
2604,0,111,75,29,177,55.7,0.828,25,1
2605,2,154,90,51,205,47.0,0.366,29,1
2606,4,97,79,17,42,25.8,0.609,27,0
2607,3,111,70,22,80,41.4,0.262,28,0
2608,0,120,81,17,133,37.5,0.613,29,0
2609,0,84,72,31,110,30.6,0.239,22,0
2610,1,80,56,27,25,34.0,0.298,21,0
2611,8,102,77,27,116,48.0,0.484,40,1
2612,1,117,42,35,79,42.6,0.419,23,0
2613,7,153,61,32,179,35.4,0.63,31,1
2614,6,84,79,33,69,32.8,0.213,32,0
2615,6,94,75,33,17,33.1,0.884,41,1
2616,0,108,53,34,139,40.9,0.175,22,0
2617,7,126,64,22,278,38.3,0.235,58,1
2618,0,89,78,19,76,27.0,0.702,23,0
2619,2,108,64,27,44,28.5,0.2,21,0
2620,4,106,65,31,14,23.5,0.192,22,0
2621,3,130,74,28,115,29.9,0.63,37,0
2622,1,124,67,23,194,36.1,0.755,24,1
2623,2,107,53,22,148,32.9,0.26,21,0
2624,4,150,70,33,103,31.0,0.254,52,1
2625,2,64,62,32,19,27.7,0.467,23,0
2626,1,95,62,18,85,34.9,0.266,21,0
2627,0,154,68,17,181,27.2,0.269,22,0
2628,6,144,73,39,208,36.1,0.22,29,0
2629,4,110,45,21,39,24.4,0.129,45,0
2630,6,108,63,30,76,28.0,0.277,40,0
2631,2,138,78,23,169,31.1,0.267,26,0
2632,9,130,89,19,162,18.2,0.33,56,0
2633,7,134,90,20,121,39.3,0.73,31,1
2634,2,100,72,8,110,22.4,0.206,21,0
2635,10,130,68,41,83,36.6,0.479,22,1
2636,1,114,64,29,382,33.1,0.355,26,0
2637,6,61,47,17,73,19.6,1.254,39,0
2638,0,146,74,22,365,22.4,1.043,24,0
2639,2,181,74,29,175,32.4,0.411,44,1
2640,5,123,87,26,257,39.6,0.151,58,1
2641,7,122,109,45,260,46.4,0.215,66,1
2642,4,118,52,22,232,35.7,0.911,23,0
2643,1,102,93,48,112,36.3,0.282,44,0
2644,3,161,62,40,148,39.2,0.378,41,1
2645,6,90,79,20,125,34.2,0.241,22,0
2646,4,199,82,22,311,33.7,0.33,24,1
2647,0,138,84,18,256,23.5,0.256,21,0
2648,1,152,92,13,74,31.7,0.211,29,1
2649,4,103,88,38,168,41.5,0.643,30,1
2650,0,78,30,42,31,28.0,0.091,21,1
2651,0,117,63,35,119,30.7,0.834,21,1
2652,1,67,77,13,14,29.7,0.173,23,0
2653,8,121,89,32,14,30.4,0.667,41,1
2654,7,107,82,36,140,39.5,0.328,52,1
2655,11,125,83,30,217,34.6,0.54,48,1
2656,0,148,67,42,281,42.2,0.25,24,1
2657,7,145,84,25,219,31.2,0.639,53,1
2658,1,138,54,33,187,33.0,0.91,29,0
2659,1,99,75,25,71,31.4,0.294,30,0
2660,0,179,103,37,101,42.1,0.327,30,1
2661,0,103,61,32,92,30.9,0.548,22,0
2662,2,125,78,38,222,35.3,0.101,39,0
2663,8,145,65,22,185,25.3,0.283,42,1
2664,0,91,64,31,63,28.9,0.197,23,0
2665,3,152,71,48,318,49.0,0.618,32,1
2666,1,81,62,20,73,36.3,0.271,49,0
2667,2,146,76,31,297,26.2,0.246,43,0
2668,0,93,64,39,152,40.4,0.422,24,0
2669,5,91,77,34,107,47.5,0.163,29,1
2670,4,128,74,30,108,29.1,0.501,42,0
2671,1,130,74,36,98,32.8,1.321,25,1
2672,12,131,74,18,145,30.5,0.442,36,1
2673,4,187,71,35,147,43.3,2.221,26,1
2674,0,81,99,29,46,27.2,0.545,28,0
2675,3,86,66,18,51,21.6,0.526,47,0
2676,0,114,77,14,61,23.6,0.428,27,0
2677,4,114,81,23,253,29.4,0.849,25,0
2678,7,128,78,41,225,32.9,0.321,45,0
2679,2,125,103,49,69,32.4,0.36,45,1
2680,8,91,78,39,193,34.8,0.272,39,0
2681,0,165,50,22,189,23.4,0.431,28,1
2682,6,125,63,18,166,33.3,0.635,24,0
2683,6,122,64,11,51,22.0,0.308,21,0
2684,4,149,72,15,177,31.4,0.108,23,0
2685,1,91,64,18,78,38.5,0.884,21,0
2686,2,126,83,43,301,37.9,0.168,58,0
2687,0,118,67,31,193,32.6,0.36,24,0
2688,6,79,75,29,16,22.4,0.106,25,0
2689,2,131,75,27,334,24.4,0.204,41,0
2690,4,142,76,25,134,30.8,0.439,25,0
2691,5,138,85,11,189,22.7,0.268,48,0
2692,1,63,59,8,14,21.8,0.354,22,0
2693,7,129,71,21,118,31.3,0.716,37,1
2694,5,92,62,13,61,21.6,0.687,30,0
2695,3,166,77,47,333,45.3,0.358,22,1
2696,8,125,62,43,168,38.8,0.89,24,0
2697,10,88,63,28,58,35.7,0.22,23,0
2698,8,151,58,14,287,23.2,0.737,40,0
2699,4,169,89,12,215,21.8,0.279,36,0
2700,0,99,67,11,39,25.6,0.685,33,0
2701,8,164,84,35,173,36.0,0.544,38,1
2702,4,100,47,20,212,27.8,1.298,41,1
2703,11,88,73,23,171,30.4,0.182,26,0
2704,7,120,69,27,137,25.7,0.262,27,0
2705,3,99,78,49,165,40.6,0.868,31,0
2706,7,90,67,34,113,31.6,0.236,35,0
2707,3,128,70,36,224,31.5,1.103,34,1
2708,3,120,69,33,196,36.7,0.727,40,1
2709,4,193,60,37,186,26.8,0.752,27,1
2710,0,102,74,29,103,26.5,0.123,21,0
2711,10,125,76,23,81,30.9,0.269,53,1
2712,2,134,88,44,206,50.6,2.181,53,1
2713,1,125,63,20,244,28.5,0.377,28,0
2714,4,96,75,35,14,30.8,0.211,30,0
2715,6,93,59,8,456,18.3,0.832,31,0
2716,4,167,86,26,145,27.2,0.566,46,1
2717,5,82,84,39,17,30.3,0.961,30,0
2718,5,86,69,44,61,42.0,0.336,29,0
2719,4,113,74,40,285,37.2,0.751,32,0
2720,4,81,80,39,14,33.5,0.291,34,0
2721,0,143,44,34,153,41.2,0.423,22,0
2722,6,154,67,37,130,38.2,0.476,41,0
2723,2,117,70,27,180,33.5,0.812,35,0
2724,1,80,63,27,175,39.2,0.442,21,0
2725,8,114,69,38,72,38.1,0.194,23,0
2726,8,144,91,37,164,33.3,0.169,47,1
2727,2,125,55,9,106,21.1,0.256,21,0
2728,1,110,60,27,123,36.7,0.146,22,0
2729,2,161,51,25,183,28.1,0.852,25,1
2730,1,185,73,38,362,42.4,0.502,22,1
2731,5,82,67,28,53,22.1,0.543,27,0
2732,2,116,55,27,132,31.8,0.662,34,0
2733,1,102,53,28,103,27.9,0.369,28,0
2734,0,81,67,23,65,36.1,0.279,23,0
2735,10,98,84,30,14,25.3,0.35,29,0
2736,2,129,88,24,86,29.3,0.231,21,0
2737,2,81,60,41,44,36.9,0.149,31,0
2738,6,97,74,35,21,39.7,0.65,52,0
2739,2,94,65,21,40,30.3,0.236,25,0
2740,1,99,64,12,103,23.8,0.131,28,0
2741,3,82,79,51,148,43.2,0.294,40,0
2742,9,126,90,30,178,34.9,0.078,50,0
2743,5,92,68,47,186,45.1,0.583,25,1
2744,3,124,71,7,136,31.5,0.627,37,1
2745,0,145,71,38,242,44.6,0.644,31,1
2746,5,88,89,26,124,39.7,0.255,61,1
2747,2,74,67,17,177,35.5,0.592,25,0
2748,3,109,63,27,168,27.8,0.12,28,0
2749,8,121,62,14,217,28.5,0.251,41,1
2750,3,131,89,35,420,38.9,0.662,26,0
2751,6,106,71,12,84,23.0,0.148,32,0
2752,6,79,80,32,18,41.7,0.469,36,0
2753,8,170,81,29,144,34.5,0.649,27,1
2754,1,146,71,22,207,29.4,0.144,37,0
2755,8,81,62,37,157,32.4,0.644,44,1
2756,0,82,89,8,15,20.4,0.228,28,0
2757,4,169,70,49,153,31.6,0.251,23,1
2758,5,153,83,43,182,33.5,0.185,59,0
2759,2,86,73,16,99,26.7,1.163,21,0
2760,1,72,56,25,14,25.6,0.296,22,0
2761,1,124,95,16,73,27.4,0.145,25,0
2762,2,130,50,31,188,28.2,0.744,35,1
2763,2,94,63,26,335,32.5,0.456,21,0
2764,13,129,90,31,88,35.5,1.204,38,1
2765,6,99,47,36,183,30.2,0.078,23,0
2766,0,177,66,25,159,24.6,0.307,23,0
2767,4,134,53,30,45,35.9,1.968,29,1
2768,5,161,87,46,479,42.6,0.133,50,1
2769,1,185,92,33,635,39.9,0.134,24,0
2770,2,89,72,40,16,37.1,0.126,24,0
2771,0,196,62,21,523,30.1,0.57,40,1
2772,4,153,66,21,590,30.6,0.728,23,0
2773,1,103,66,25,169,27.6,0.814,41,1
2774,3,135,60,28,159,30.1,0.285,25,0
2775,10,124,73,35,286,32.9,0.283,22,1
2776,0,82,78,29,22,31.4,0.408,21,0
2777,0,188,61,19,402,37.7,0.341,22,0
2778,2,111,81,31,140,32.6,0.367,31,1
2779,8,125,67,29,129,31.9,0.52,36,0
2780,1,86,81,13,54,27.6,0.374,23,0
2781,2,109,77,31,212,35.0,0.254,31,0
2782,1,104,85,23,56,30.0,0.282,21,0
2783,6,96,89,37,173,30.2,0.289,25,0
2784,1,124,69,32,153,42.3,0.13,27,0
2785,13,176,71,42,203,33.2,0.377,57,1
2786,4,102,86,18,139,22.9,0.218,34,0
2787,6,154,56,26,131,31.2,0.414,31,1
2788,0,106,66,15,24,35.6,0.376,38,0
2789,1,93,62,15,86,29.7,0.395,30,0
2790,5,97,82,41,195,34.5,0.202,40,0
2791,6,118,74,17,26,34.3,0.342,23,1
2792,5,159,82,41,202,38.9,0.54,41,1
2793,4,110,91,33,99,37.2,0.357,30,1
2794,0,119,54,15,295,25.1,0.862,21,0
2795,2,103,69,33,79,33.1,0.691,24,0
2796,3,161,80,21,509,25.6,0.52,25,0
2797,9,128,65,20,164,26.2,0.181,32,0
2798,5,126,68,42,182,33.9,0.371,32,0
2799,7,141,68,25,208,21.7,0.252,24,0
2800,1,115,78,23,164,39.4,0.474,22,1
2801,3,82,81,24,57,27.4,0.339,26,0
2802,10,91,65,39,31,34.7,0.078,57,0
2803,2,167,77,14,151,21.8,0.078,30,0
2804,6,93,76,30,14,32.2,0.114,42,0
2805,5,108,86,25,160,31.0,0.371,42,1
2806,3,113,84,30,137,45.8,0.832,23,0
2807,0,178,69,29,774,39.3,1.34,21,1
2808,4,77,69,26,54,31.6,0.421,29,0
2809,1,92,87,32,100,39.8,1.021,41,0
2810,2,82,78,29,65,37.5,0.261,27,0
2811,2,111,59,16,211,25.3,0.326,29,0
2812,0,115,60,11,92,23.2,0.563,41,0
2813,3,142,87,39,151,46.0,0.193,31,1
2814,0,134,75,18,274,28.2,0.685,21,0
2815,1,71,71,29,82,28.0,0.505,21,0
2816,1,141,78,42,87,40.7,0.316,26,1
2817,0,179,82,23,182,36.6,0.609,27,1
2818,0,115,64,46,45,36.3,1.719,23,0
2819,2,132,71,58,133,56.6,0.196,33,0
2820,3,180,87,25,460,37.6,0.344,37,1
2821,7,118,80,26,136,41.9,0.733,36,1
2822,1,101,70,19,84,29.1,0.702,22,0
2823,3,199,50,13,186,34.7,0.688,29,1
2824,8,91,81,21,120,28.9,0.891,36,0
2825,3,127,67,35,94,35.5,0.519,42,1
2826,4,64,81,37,23,34.7,0.221,26,0
2827,1,134,61,16,250,27.8,0.328,23,0
2828,4,175,62,20,428,43.2,0.244,37,1
2829,10,165,71,43,297,44.2,0.528,49,1
2830,0,125,61,42,327,33.1,0.247,28,1
2831,3,178,59,29,250,33.1,0.411,30,1
2832,5,142,71,15,158,27.0,0.702,41,1
2833,2,126,57,16,105,25.7,0.31,30,0
2834,0,92,58,16,51,34.1,0.34,21,0
2835,2,116,90,36,34,34.9,0.165,25,1
2836,8,137,71,26,180,27.4,0.46,34,0
2837,9,145,79,21,209,27.2,0.294,34,1
2838,6,125,77,27,391,29.4,0.421,31,0
2839,5,89,50,16,73,26.5,0.572,41,0
2840,15,197,88,15,386,30.6,0.181,69,1
2841,0,109,61,28,143,33.0,1.187,22,1
2842,1,94,60,22,15,28.4,0.15,23,0
2843,0,130,70,24,143,32.6,0.311,35,1
2844,10,96,79,32,56,36.5,0.269,59,0
2845,1,158,72,23,180,30.4,0.107,43,1
2846,4,123,61,25,56,40.2,0.203,37,0
2847,0,72,77,13,96,33.3,0.175,23,0
2848,4,162,79,34,147,39.9,0.41,43,1
2849,7,188,80,30,327,32.0,0.338,56,1
2850,6,156,65,26,70,21.3,0.291,35,0
2851,9,151,92,34,79,25.1,0.149,57,0
2852,2,90,78,10,14,28.1,1.128,41,0
2853,1,83,56,27,49,32.7,0.152,26,0
2854,10,176,60,28,97,26.6,0.366,30,1
2855,1,145,59,33,283,38.9,0.754,44,1
2856,9,80,89,33,59,43.7,0.32,38,1
2857,8,136,81,45,112,37.7,0.326,37,1
2858,5,147,63,19,138,26.2,1.199,41,1
2859,0,91,70,23,43,30.0,0.148,29,0
2860,2,123,57,25,121,29.7,0.141,22,0
2861,8,124,89,29,219,36.0,0.292,44,0
2862,3,140,74,24,239,26.2,0.164,24,0
2863,1,87,73,26,96,30.0,0.413,25,0
2864,11,122,90,38,183,34.2,0.276,49,1
2865,14,167,86,23,247,33.2,0.285,70,1
2866,6,78,70,27,66,33.2,0.286,22,0
2867,1,140,80,40,169,42.2,0.813,35,1
2868,1,103,54,19,138,29.0,0.279,21,0
2869,3,109,43,25,213,35.4,0.259,24,0
2870,0,172,74,30,335,33.2,0.342,33,1
2871,4,140,73,22,390,29.9,0.237,45,1
2872,6,99,68,37,99,32.5,0.3,29,0
2873,2,90,86,30,55,33.6,0.289,50,0
2874,1,144,79,12,206,18.8,0.436,22,0
2875,2,109,60,17,165,29.8,0.17,23,0
2876,9,195,70,33,229,42.6,0.749,32,1
2877,1,93,88,48,89,38.3,0.389,41,0
2878,0,166,75,32,222,46.2,0.871,45,1
2879,1,102,68,20,14,39.2,0.967,25,1
2880,4,95,78,15,136,32.6,0.242,22,0
2881,3,155,84,40,254,53.3,0.36,26,1
2882,0,107,80,38,147,37.3,0.639,36,0
2883,1,174,61,21,154,31.1,2.29,26,1
2884,0,102,82,28,22,31.3,0.83,23,0
2885,2,116,74,29,156,43.1,0.295,25,1
2886,8,124,90,40,148,34.8,0.635,52,1
2887,1,128,87,14,137,38.1,0.952,31,1
2888,2,85,85,34,130,23.4,0.167,26,0
2889,2,114,80,40,125,38.9,0.11,42,0
2890,5,89,55,21,65,28.1,0.477,31,0
2891,6,96,87,20,134,25.3,1.469,25,0
2892,12,190,89,17,358,28.2,0.695,58,1
2893,8,181,90,30,128,31.2,0.269,29,1
2894,3,93,61,17,70,32.3,0.185,34,0
2895,3,142,81,40,115,28.6,0.252,36,0
2896,3,110,61,33,98,36.5,0.569,28,0
2897,1,82,73,17,128,30.2,0.238,25,0
2898,11,105,72,28,75,32.0,0.289,26,0
2899,1,139,74,28,202,25.3,2.014,28,0
2900,0,121,76,35,14,25.2,0.248,25,0
2901,2,113,66,15,202,24.6,1.56,38,0
2902,1,187,87,34,543,39.4,0.905,25,1
2903,3,92,81,41,122,35.5,0.754,31,0
2904,1,109,53,22,37,24.2,0.343,22,0
2905,0,99,59,29,154,27.8,1.708,21,0
2906,3,82,72,34,97,49.2,0.572,43,0
2907,0,109,85,29,312,39.0,0.254,23,1
2908,5,126,67,37,82,33.9,0.707,30,0
2909,2,152,74,31,144,34.9,0.196,34,0
2910,5,92,82,34,134,42.0,1.232,33,1
2911,7,105,85,23,463,30.4,0.269,30,0
2912,0,107,74,29,314,46.4,0.442,26,0
2913,3,73,50,23,71,28.9,0.21,29,0
2914,0,65,74,46,14,30.3,0.205,22,0
2915,3,77,78,30,131,29.7,0.285,33,0
2916,0,112,58,20,287,34.8,0.184,23,0
2917,10,96,81,40,118,43.8,0.199,61,0
2918,7,140,64,43,208,38.4,0.686,32,1
2919,3,149,71,30,229,34.8,0.819,26,1
2920,1,114,59,14,85,24.4,0.196,23,0
2921,1,71,72,34,24,34.1,0.818,28,0
2922,7,103,71,49,124,42.3,0.274,30,1
2923,1,122,63,27,212,27.4,0.286,25,0
2924,3,171,65,13,336,24.5,0.307,38,1
2925,8,162,70,31,25,27.9,0.568,29,1
2926,0,156,76,33,112,42.7,1.116,34,1
2927,4,172,95,24,240,35.2,0.575,61,0
2928,6,173,63,22,92,30.4,0.286,47,1
2929,8,186,69,38,420,45.8,0.591,34,1
2930,2,165,79,36,205,35.6,1.18,51,1
2931,0,118,74,23,112,27.7,0.088,22,0
2932,1,134,64,26,137,29.5,0.477,42,0
2933,4,156,82,17,476,33.1,0.395,40,0
2934,5,103,60,24,147,21.3,0.663,50,0
2935,6,82,73,20,158,27.8,0.114,37,0
2936,1,53,73,31,14,32.2,0.417,22,0
2937,8,93,89,51,53,36.4,0.346,43,0
2938,6,91,66,9,190,21.1,0.116,41,0
2939,4,130,81,10,104,30.2,0.44,54,1
2940,6,91,80,32,89,27.0,0.531,27,0
2941,0,93,64,27,41,33.8,0.649,36,0
2942,4,110,74,17,177,22.9,0.284,29,0
2943,6,133,87,26,296,30.3,0.589,28,1
2944,3,130,63,32,139,33.7,0.232,30,1
2945,8,121,74,34,160,39.0,0.268,33,1
2946,9,136,80,33,111,32.7,1.04,44,1
2947,4,114,63,14,83,24.6,0.545,27,0
2948,7,129,72,28,97,30.0,0.85,24,1
2949,4,133,69,33,162,34.9,0.664,36,0
2950,2,83,70,13,48,26.9,0.165,32,0
2951,3,50,50,22,47,25.6,0.257,24,0
2952,3,77,64,22,89,26.5,0.264,27,0
2953,6,116,58,39,251,44.2,0.354,22,0
2954,3,170,79,32,230,33.6,0.324,40,1
2955,12,193,96,13,107,28.7,0.155,65,0
2956,7,124,89,21,27,25.9,0.628,38,0
2957,0,118,58,21,84,34.3,0.742,26,1
2958,7,85,72,30,68,25.4,0.297,26,0
2959,2,99,82,26,34,35.1,0.401,28,0
2960,8,144,49,34,111,32.3,0.246,40,1
2961,5,182,82,33,351,29.4,0.36,37,1
2962,1,90,73,25,61,30.8,0.225,30,0
2963,4,110,60,37,49,33.0,0.697,25,0
2964,8,113,94,37,182,39.8,0.569,41,0
2965,0,190,91,23,348,42.8,1.259,24,1
2966,4,101,88,16,191,22.5,0.29,29,0
2967,5,122,80,35,137,34.5,0.848,37,1
2968,4,107,77,24,203,30.0,0.164,26,0
2969,7,140,61,16,167,24.8,0.181,40,1
2970,10,155,107,36,172,30.8,0.124,68,0
2971,6,74,64,22,43,29.2,0.343,24,0
2972,6,138,75,20,135,28.6,0.299,31,0
2973,1,98,53,10,47,18.4,0.246,35,0
2974,4,126,97,25,181,35.6,0.254,31,0
2975,6,117,70,18,242,42.0,0.64,21,1
2976,5,127,87,35,152,34.6,0.244,29,0
2977,6,113,58,25,90,28.0,0.583,23,0
2978,10,124,77,22,159,25.9,0.451,53,1
2979,2,105,86,28,61,28.1,0.113,40,0
2980,6,88,68,15,74,27.2,0.139,26,0
2981,1,187,95,22,226,31.6,0.415,24,0
2982,4,164,87,31,222,30.4,0.241,28,1
2983,2,150,67,28,312,29.2,0.318,23,0
2984,1,133,73,9,204,22.0,0.314,30,0
2985,7,108,100,39,117,34.0,0.649,40,0
2986,5,91,61,11,81,31.4,0.588,43,0
2987,7,112,96,19,168,35.8,0.269,62,1
2988,7,176,78,26,187,30.9,0.179,43,1
2989,8,109,88,23,188,27.6,0.372,52,1
2990,1,117,76,29,301,33.5,0.518,22,0
2991,3,74,67,24,37,32.6,1.177,28,0
2992,1,105,62,25,73,35.4,0.822,42,0
2993,7,144,80,30,129,29.1,0.149,25,1
2994,0,143,74,42,73,30.1,0.441,22,0
2995,4,130,73,29,188,25.4,0.825,50,1
2996,12,118,85,17,91,31.0,0.269,45,0
2997,2,132,79,25,104,34.1,0.212,36,0
2998,2,127,91,34,95,38.5,0.172,37,0
2999,1,154,88,26,524,35.9,0.268,24,0
3000,2,92,64,25,54,36.6,0.164,43,0
3001,3,158,75,31,280,38.3,0.395,26,1
3002,1,103,92,48,96,32.8,0.289,27,1
3003,3,150,72,25,188,31.5,0.165,28,1
3004,5,103,62,16,55,33.1,0.41,36,1
3005,1,104,69,26,35,26.3,0.183,25,0
3006,5,128,65,30,162,24.8,0.517,38,0
3007,11,90,61,18,96,35.6,0.621,28,0
3008,0,130,87,21,222,36.1,1.508,24,0
3009,1,68,73,35,14,34.7,0.533,22,0
3010,3,101,57,15,116,25.2,0.665,30,0
3011,7,115,100,46,176,57.4,0.673,39,1
3012,3,101,77,41,213,37.4,0.19,25,0
3013,3,101,59,39,85,37.0,0.245,25,0
3014,5,164,69,29,241,43.7,0.254,23,1
3015,4,191,75,16,280,22.8,0.46,28,0
3016,2,126,51,36,88,25.3,0.296,46,0
3017,2,92,47,14,51,26.6,0.286,25,0
3018,9,101,60,21,85,30.4,0.235,30,0
3019,7,106,76,30,53,29.2,0.391,28,0
3020,1,93,81,36,182,31.8,0.079,42,0
3021,1,127,68,24,123,24.4,0.366,28,0
3022,2,190,70,29,157,26.3,0.441,21,1
3023,0,120,60,25,254,28.8,0.392,23,0
3024,1,121,91,26,283,24.3,0.219,24,0
3025,4,126,82,40,67,39.9,0.199,64,0
3026,2,97,66,28,135,36.9,0.398,35,0
3027,13,162,81,30,117,32.9,0.873,46,1
3028,5,82,52,39,73,32.8,0.175,43,0
3029,0,97,54,27,15,28.5,0.783,26,1
3030,6,139,71,25,65,27.1,0.219,63,0
3031,8,182,73,47,174,49.8,0.482,44,1
3032,2,158,76,32,139,32.0,0.359,24,0
3033,10,71,78,38,27,27.3,0.427,27,0
3034,13,113,79,32,65,38.1,0.266,33,0
3035,7,126,59,29,76,21.7,0.337,23,0
3036,0,118,64,47,177,42.6,0.475,26,1
3037,10,107,55,30,199,27.8,0.368,35,0
3038,0,113,81,43,105,46.4,0.354,22,1
3039,2,98,77,24,108,35.4,0.214,21,0
3040,1,116,71,20,211,25.3,0.637,23,0
3041,0,98,48,28,201,25.0,1.271,21,0
3042,5,125,75,25,221,31.3,0.338,30,0
3043,0,140,87,44,209,36.4,0.712,39,1
3044,9,145,82,40,200,40.7,0.268,41,0
3045,8,104,96,39,27,35.4,0.14,47,0
3046,1,100,80,43,238,33.8,0.312,25,0
3047,1,105,63,32,165,25.1,0.943,27,0
3048,1,104,51,28,14,26.0,0.312,23,0
3049,4,84,68,19,80,23.7,1.021,45,0
3050,1,152,75,39,318,38.9,0.135,25,1
3051,0,163,82,43,262,40.9,0.721,39,1
3052,0,128,85,31,167,30.1,0.309,22,1
3053,3,92,56,14,43,23.6,0.616,26,0
3054,0,102,32,9,80,21.8,0.956,21,0
3055,3,123,83,42,260,38.4,0.795,44,1
3056,6,127,87,22,316,34.3,0.137,44,1
3057,2,106,59,23,252,22.5,0.262,21,0
3058,0,122,60,12,44,35.2,0.127,21,0
3059,5,121,64,36,182,30.3,0.585,46,1
3060,4,118,74,19,382,34.8,0.75,25,0
3061,1,106,73,44,60,33.8,0.288,28,1
3062,0,124,72,24,61,36.5,1.438,22,0
3063,0,113,80,11,42,26.7,0.767,26,1
3064,9,137,83,16,193,29.6,0.565,54,1
3065,0,165,66,14,285,31.5,0.955,22,0
3066,0,99,57,20,25,19.7,0.098,21,0
3067,7,97,85,28,70,42.4,0.737,49,0
3068,8,115,76,29,151,31.5,0.624,30,1
3069,5,186,71,32,217,35.8,0.608,22,1
3070,1,90,63,12,74,25.3,0.187,23,0
3071,8,129,89,36,20,43.5,0.595,32,1
3072,2,75,53,30,94,35.9,0.209,23,0
3073,1,157,92,40,228,40.5,1.102,22,1
3074,7,179,87,7,283,24.4,0.519,67,1
3075,1,89,74,21,89,29.5,1.012,21,0
3076,1,103,49,27,63,35.4,0.826,22,0
3077,0,145,35,37,227,39.2,0.705,24,1
3078,0,186,82,20,378,35.7,0.181,41,1
3079,1,173,66,26,334,33.8,0.775,33,1
3080,0,84,47,22,93,33.0,0.425,21,0
3081,8,114,74,28,205,27.5,0.362,40,0
3082,7,160,74,13,144,29.5,0.187,46,1
3083,1,138,80,35,165,44.8,0.556,23,0
3084,0,147,71,29,175,43.4,0.961,36,1
3085,1,92,71,35,113,25.5,0.275,29,0
3086,6,155,68,18,111,27.1,0.398,38,1
3087,6,106,64,30,203,26.8,0.47,22,0
3088,0,117,87,18,104,26.6,0.148,39,0
3089,11,185,70,32,189,34.7,0.501,39,1
3090,3,123,82,38,184,33.1,0.137,28,0
3091,0,152,79,35,368,34.8,0.166,28,1
3092,0,102,62,14,153,27.5,0.656,22,0
3093,3,91,62,35,24,40.7,0.207,24,0
3094,13,181,69,33,474,39.8,1.378,46,1
3095,0,119,51,16,249,24.6,0.571,28,0
3096,1,110,50,39,54,39.8,0.58,23,0
3097,3,118,66,31,335,27.0,0.524,58,0
3098,3,108,89,42,130,40.6,0.299,29,1
3099,10,109,61,29,167,24.8,0.103,39,0
3100,0,95,77,26,112,37.7,0.664,21,1
3101,2,87,67,21,76,23.5,0.242,23,0
3102,2,144,55,8,253,27.9,0.162,36,0
3103,2,111,65,24,132,30.5,0.134,32,0
3104,0,193,76,19,348,34.6,0.375,30,1
3105,8,127,75,11,14,29.7,0.77,33,1
3106,3,161,77,28,165,27.7,0.717,52,1
3107,1,108,65,36,148,42.7,0.173,36,0
3108,9,102,53,19,99,22.5,0.248,29,0
3109,7,100,81,25,105,35.4,1.07,32,0
3110,3,147,74,36,199,30.5,0.515,34,1
3111,2,121,64,33,228,32.9,0.879,31,0
3112,4,103,86,26,76,32.6,0.406,40,0
3113,0,137,85,28,108,43.9,0.289,23,0
3114,10,100,66,36,300,41.3,0.407,48,0
3115,8,145,107,13,74,21.5,0.5,56,0
3116,2,107,78,17,72,22.3,0.238,30,0
3117,8,141,61,7,386,25.1,0.418,29,0
3118,0,102,77,32,58,38.5,0.665,30,0
3119,0,107,58,39,60,39.5,0.101,22,0
3120,2,143,59,33,294,28.3,0.715,28,0
3121,2,132,76,29,143,33.8,0.701,36,0
3122,7,186,88,31,215,28.3,0.29,50,1
3123,4,116,66,21,89,26.8,0.28,22,0
3124,10,117,64,31,175,34.2,0.18,24,0
3125,1,184,63,29,438,37.4,0.396,27,1
3126,0,112,64,33,223,35.0,0.772,26,0
3127,0,57,66,13,26,18.6,0.135,24,0
3128,5,170,73,18,329,29.9,0.492,44,1
3129,7,91,80,10,71,24.9,0.227,45,0
3130,9,126,80,45,88,39.9,0.277,54,1
3131,0,114,66,36,113,38.3,0.46,34,1
3132,7,139,88,40,295,41.8,0.465,23,0
3133,7,156,86,43,278,30.4,0.294,33,0
3134,0,86,55,32,67,24.1,0.081,24,0
3135,10,171,82,43,340,35.5,0.213,31,1
3136,2,149,75,35,344,42.3,1.332,34,1
3137,1,113,70,29,48,29.3,0.481,25,0
3138,2,100,83,41,136,39.7,0.341,28,1
3139,2,92,74,28,276,40.7,0.342,24,0
3140,4,58,63,14,14,19.7,0.393,27,0
3141,4,83,80,41,29,45.8,0.26,55,0
3142,5,166,83,26,295,26.4,0.147,31,0
3143,0,183,104,51,575,62.8,0.489,32,1
3144,6,180,76,36,173,30.4,0.295,52,1
3145,8,114,88,17,23,28.8,0.528,62,0
3146,1,189,63,29,534,49.3,0.912,22,1
3147,5,107,81,21,231,30.3,0.402,27,0
3148,4,104,66,29,44,24.5,0.272,30,0
3149,3,77,78,21,59,34.1,0.515,21,0
3150,2,121,72,26,334,35.8,0.373,29,1
3151,2,101,99,15,145,33.0,0.194,24,0
3152,1,80,56,19,26,25.5,0.225,22,0
3153,10,98,79,31,193,27.9,0.419,54,1
3154,5,89,74,15,247,30.0,0.214,25,0
3155,9,119,76,12,111,23.5,0.301,32,0
3156,8,167,84,36,63,37.2,0.078,42,1
3157,5,77,60,27,38,33.3,0.832,26,0
3158,4,120,79,48,319,43.9,0.758,29,0
3159,1,98,61,36,133,44.9,1.671,24,0
3160,2,121,58,23,190,25.0,0.4,34,0
3161,0,97,73,44,205,38.2,0.096,22,0
3162,8,108,69,24,88,30.7,0.645,44,0
3163,3,109,62,18,139,26.9,0.305,25,0
3164,8,109,77,42,77,35.7,0.108,42,0
3165,1,152,109,41,194,45.2,0.165,27,0
3166,8,101,75,28,14,32.3,0.36,56,0
3167,12,79,80,31,38,27.9,0.304,38,0
3168,4,115,62,31,73,32.0,0.229,25,0
3169,13,111,81,36,131,30.3,0.172,58,0
3170,2,92,31,23,176,27.4,0.449,21,0
3171,1,85,48,13,26,24.8,0.188,24,0
3172,7,135,83,28,232,26.4,0.196,62,0
3173,6,120,74,33,37,29.8,0.196,63,0
3174,1,125,70,26,79,32.1,0.187,26,0
3175,5,101,74,21,77,23.0,0.171,28,0
3176,13,141,90,14,28,31.1,0.241,44,1
3177,9,198,65,31,367,32.5,0.414,43,1
3178,3,175,70,29,118,27.7,0.315,51,0
3179,1,125,77,25,106,27.9,0.548,26,1
3180,6,89,83,33,73,28.2,0.133,29,0
3181,1,99,72,39,35,30.8,0.21,35,0
3182,0,139,62,52,126,34.0,0.698,31,1
3183,6,121,82,50,266,36.1,0.31,45,0
3184,10,167,76,30,130,35.5,0.513,59,1
3185,5,136,93,25,191,32.6,0.723,52,0
3186,9,126,68,23,126,30.7,1.154,57,1
3187,0,146,69,39,189,38.6,0.204,27,1
3188,2,85,61,21,59,29.9,0.512,23,0
3189,1,111,89,20,125,30.4,0.34,42,1
3190,0,85,74,37,140,33.9,0.419,21,0
3191,9,75,70,22,162,33.3,0.439,47,0
3192,1,95,72,14,195,24.9,0.443,43,0
3193,1,152,65,13,304,22.7,0.126,23,0
3194,4,120,93,29,42,34.1,0.156,47,1
3195,1,97,67,15,93,26.9,0.24,21,0
3196,7,80,66,12,14,25.8,0.63,26,0
3197,5,122,81,36,72,30.5,0.249,38,1
3198,2,127,85,32,32,31.8,0.2,26,0
3199,2,163,71,46,177,46.0,0.241,22,1
3200,10,125,69,33,246,29.1,0.416,38,0
3201,4,134,72,30,386,38.4,0.748,30,0
3202,0,185,77,32,371,30.0,0.095,40,1
3203,11,125,84,27,227,32.0,0.084,43,1
3204,4,111,52,35,67,36.5,0.33,43,1
3205,2,105,67,11,75,24.4,0.192,38,0
3206,5,139,76,29,105,26.4,0.219,38,0
3207,2,137,75,22,220,25.3,0.203,25,0
3208,1,196,75,12,524,28.9,1.046,31,1
3209,3,130,59,20,272,33.3,0.895,53,0
3210,5,120,73,28,61,39.1,0.091,52,0
3211,5,158,76,39,180,44.3,0.583,32,1
3212,1,167,69,29,329,38.0,0.492,21,1
3213,6,154,93,29,201,33.8,0.417,26,1
3214,1,102,81,25,67,24.0,0.372,21,0
3215,1,113,68,23,243,28.2,0.129,42,1
3216,4,108,65,57,194,44.6,0.667,38,0
3217,9,95,72,36,18,30.3,0.275,41,1
3218,1,127,84,37,107,35.4,0.464,31,1
3219,6,85,65,17,149,25.1,0.159,31,0
3220,9,114,70,48,112,39.1,1.372,32,1
3221,9,155,73,42,695,37.9,1.133,62,0
3222,0,148,73,27,179,33.1,0.104,30,1
3223,6,109,69,25,39,30.4,0.078,26,0
3224,1,185,61,27,216,23.3,0.205,30,0
3225,1,127,88,17,128,27.7,0.44,28,0
3226,7,178,64,49,286,43.5,0.298,29,1
3227,1,181,77,44,315,32.7,1.306,34,1
3228,6,157,64,22,407,34.7,0.699,29,0
3229,1,146,53,34,174,34.2,0.446,38,1
3230,1,188,78,48,271,31.5,0.14,29,1
3231,13,87,57,28,128,28.1,0.272,29,0
3232,0,91,48,20,63,22.2,0.191,24,0
3233,0,126,68,13,189,21.6,0.285,23,0
3234,11,80,71,18,31,29.4,0.078,66,0
3235,2,140,76,7,279,19.8,0.408,21,0
3236,2,110,80,40,35,33.3,0.192,21,0
3237,3,149,92,17,126,24.5,0.409,28,0
3238,0,95,46,24,155,26.5,1.148,22,0
3239,4,94,51,32,217,29.6,0.881,22,0
3240,6,93,54,24,55,28.9,0.885,46,0
3241,6,161,61,21,235,29.8,0.164,53,1
3242,5,101,88,36,277,32.4,0.198,73,0
3243,8,120,76,11,61,29.0,0.144,64,0
3244,3,101,78,43,244,41.1,0.451,30,0
3245,9,121,85,19,85,25.7,0.83,39,0
3246,0,108,62,32,208,30.5,0.61,36,0
3247,2,120,62,31,36,28.6,1.151,39,0
3248,13,142,103,42,76,34.9,0.204,40,1
3249,6,130,66,8,76,29.5,0.22,30,0
3250,3,81,69,25,228,25.4,0.308,30,1
3251,0,97,51,16,117,23.2,1.221,22,0
3252,7,144,94,41,50,32.7,0.753,60,1
3253,1,100,49,23,196,22.3,0.173,21,0
3254,2,141,69,41,407,38.9,0.228,37,0
3255,1,125,72,21,472,33.8,0.534,24,0
3256,2,100,55,17,23,33.7,0.161,22,0
3257,5,113,75,13,431,34.8,0.321,47,0
3258,6,109,57,10,78,22.5,0.94,23,0
3259,10,182,71,28,173,33.2,0.404,49,1
3260,0,136,61,14,286,29.1,0.121,24,0
3261,0,150,66,18,132,35.5,0.368,28,1
3262,5,179,77,44,208,44.3,0.694,30,1
3263,1,100,90,12,160,31.3,0.078,22,0
3264,2,110,60,7,55,21.0,0.203,25,0
3265,0,76,64,40,86,38.2,0.265,22,0
3266,6,107,50,20,127,28.5,0.38,25,0
3267,6,122,81,30,125,40.8,0.436,29,0
3268,2,113,63,30,144,31.9,1.07,29,0
3269,3,132,69,45,117,41.6,0.716,35,1
3270,5,124,76,45,333,43.7,1.112,29,1
3271,9,121,60,41,204,34.4,0.53,39,0
3272,0,90,57,29,57,26.1,0.545,21,0
3273,2,106,91,15,101,21.5,0.204,36,0
3274,0,186,76,34,594,37.4,0.6,22,1
3275,0,181,74,40,566,38.3,0.239,27,1
3276,6,135,70,23,182,26.6,0.47,39,0
3277,7,124,76,41,86,41.4,0.218,23,0
3278,4,134,66,42,177,43.2,0.901,24,1
3279,2,122,89,41,40,35.9,0.149,24,0
3280,0,105,75,16,129,34.6,0.163,23,0
3281,4,190,82,39,272,39.6,0.417,48,1
3282,0,119,71,20,86,34.3,0.312,21,0
3283,2,77,78,23,17,27.6,0.307,23,0
3284,3,97,86,25,153,36.0,0.513,39,0
3285,3,148,74,18,154,34.1,0.134,38,0
3286,9,147,79,35,221,32.3,0.252,52,1
3287,4,113,85,32,76,28.8,0.676,38,0
3288,5,119,49,31,223,35.9,0.447,26,1
3289,0,86,59,27,131,31.8,0.259,32,0
3290,1,84,58,30,188,30.5,0.322,31,1
3291,8,99,61,15,86,33.8,0.579,33,0
3292,7,144,72,54,283,42.9,0.258,32,1
3293,2,88,69,33,25,29.7,0.484,38,0
3294,3,114,83,38,61,34.1,0.369,34,0
3295,12,80,61,29,14,39.3,0.333,28,0
3296,4,78,82,32,60,35.1,0.614,43,1
3297,2,112,65,14,224,21.4,0.478,25,0
3298,3,124,95,12,97,29.7,0.605,49,0
3299,11,184,88,29,316,26.7,0.368,56,1
3300,1,157,83,23,128,38.1,0.338,26,1
3301,6,130,80,12,264,26.9,0.898,62,1
3302,3,110,73,33,14,33.5,0.257,24,0
3303,11,102,87,37,283,35.5,0.225,57,1
3304,6,197,93,22,227,39.8,0.559,33,1
3305,3,164,49,28,255,32.6,0.319,38,1
3306,3,142,46,49,119,45.3,0.367,23,0
3307,4,106,79,11,390,26.0,0.275,29,0
3308,4,91,67,20,75,26.5,0.295,38,0
3309,2,80,50,36,22,25.9,0.157,24,0
3310,1,103,63,42,133,31.3,0.114,23,0
3311,0,131,76,40,142,41.1,0.264,26,1
3312,1,97,74,26,17,37.6,0.619,22,0
3313,0,107,68,16,179,25.5,0.477,25,0
3314,1,107,77,32,292,40.1,0.457,25,0
3315,3,111,69,15,58,30.5,0.732,22,1
3316,4,117,86,46,191,38.8,0.357,39,0
3317,6,114,81,30,119,32.5,0.606,39,0
3318,4,98,49,14,43,25.1,0.172,25,0
3319,9,143,62,34,93,28.5,0.477,43,1
3320,9,115,87,30,146,25.3,0.292,28,0
3321,4,83,69,30,16,36.3,0.77,48,0
3322,8,124,93,49,204,39.6,0.875,53,0
3323,1,113,68,43,22,31.7,0.27,25,0
3324,2,132,68,25,217,24.7,0.408,21,0
3325,1,95,88,32,85,35.5,0.251,21,0
3326,0,170,76,13,216,30.1,1.259,42,1
3327,2,104,79,39,71,37.7,0.25,23,0
3328,1,163,85,21,251,28.4,0.371,22,0
3329,2,154,56,12,257,24.7,0.303,28,0
3330,1,148,69,38,117,42.6,1.382,32,1
3331,1,145,71,14,20,32.8,0.989,23,0
3332,0,194,68,44,424,45.3,0.389,28,1
3333,4,120,82,49,207,48.2,0.547,25,1
3334,4,126,71,26,425,25.0,1.672,40,0
3335,6,103,53,35,231,34.4,0.62,29,1
3336,1,93,76,19,116,25.3,0.331,32,0
3337,7,98,59,17,168,37.2,0.333,33,1
3338,3,137,71,36,484,31.4,0.154,21,0
3339,2,151,82,48,360,39.6,0.367,32,1
3340,1,156,70,7,387,19.5,1.381,26,0
3341,1,105,71,33,51,33.7,0.39,21,0
3342,3,133,63,35,131,39.2,0.317,25,1
3343,2,185,82,42,359,40.4,0.224,44,1
3344,3,124,78,12,327,23.3,0.684,35,0
3345,0,109,78,38,186,37.7,0.287,23,0
3346,3,50,69,33,75,38.9,0.182,22,0
3347,8,99,67,33,97,33.2,0.23,41,1
3348,0,116,70,29,139,25.1,0.209,23,0
3349,5,88,69,30,173,29.4,0.716,35,0
3350,6,84,52,7,63,21.2,0.292,30,0
3351,2,123,63,13,108,30.0,0.246,29,0
3352,1,154,76,22,210,24.0,0.315,22,0
3353,3,90,78,29,84,28.7,0.419,36,0
3354,1,195,70,40,484,49.2,0.51,21,1
3355,0,116,77,19,307,33.4,0.214,23,0
3356,9,151,73,27,107,35.4,0.134,32,1
3357,11,125,73,7,79,20.7,0.197,42,0
3358,1,118,65,26,182,24.0,0.112,26,0
3359,1,126,84,46,138,33.5,0.229,33,1
3360,9,167,91,48,157,39.5,0.839,42,1
3361,5,103,72,15,233,22.7,0.456,67,0
3362,0,90,57,15,44,28.4,0.332,23,0
3363,0,99,85,44,173,45.5,0.741,22,0
3364,0,180,80,41,189,48.9,0.272,45,1
3365,6,124,78,26,234,33.9,0.25,25,0
3366,8,163,76,18,136,25.4,0.448,57,1
3367,0,97,72,38,86,29.1,0.845,25,0
3368,11,113,71,13,171,30.3,0.687,38,1
3369,1,109,72,19,112,23.9,0.585,22,0
3370,10,113,66,23,105,32.7,0.548,38,1
3371,2,137,80,27,143,32.1,0.171,25,0
3372,10,193,77,32,227,25.1,0.349,57,1
3373,1,132,60,19,309,19.0,0.22,21,0
3374,6,127,54,33,80,24.0,0.105,21,0
3375,10,164,70,18,73,24.4,0.899,52,0
3376,2,192,94,42,427,41.2,0.624,25,1
3377,2,77,87,23,159,37.8,1.23,26,0
3378,2,72,77,28,46,36.1,0.288,34,0
3379,0,107,67,37,96,36.4,0.142,22,0
3380,2,128,72,32,93,37.1,0.883,51,1
3381,6,73,55,18,79,19.4,0.119,31,0
3382,8,120,84,52,152,58.7,0.373,47,1
3383,13,143,76,35,198,33.0,0.358,57,1
3384,7,103,86,38,128,29.0,0.216,24,0
3385,0,147,82,17,215,31.7,0.56,27,0
3386,1,150,76,30,151,34.2,0.654,21,0
3387,5,126,101,41,70,23.5,0.588,40,0
3388,2,190,74,22,267,31.3,0.575,30,1
3389,3,172,88,34,218,33.1,0.105,31,1
3390,2,121,73,18,100,32.2,1.206,29,1
3391,10,194,88,41,230,40.4,0.282,68,0
3392,2,105,76,37,113,37.7,0.19,41,0
3393,4,107,45,13,152,20.9,0.389,21,0
3394,4,129,83,26,79,33.5,0.854,35,1
3395,2,120,77,36,91,40.7,0.138,30,0
3396,0,90,65,22,24,36.4,0.277,22,0
3397,8,171,66,39,188,30.0,0.244,50,1
3398,1,118,64,39,81,38.9,0.24,33,0
3399,8,99,78,31,199,30.0,0.579,31,1
3400,3,125,66,8,302,22.8,0.537,25,0
3401,6,107,67,18,112,29.1,0.326,22,1
3402,1,133,75,30,235,39.2,0.189,26,1
3403,0,133,69,29,30,43.0,1.816,21,1
3404,7,156,69,52,123,46.4,0.236,32,1
3405,1,121,75,28,75,26.1,0.551,22,0
3406,2,104,68,7,16,22.5,0.269,31,0
3407,7,138,60,26,236,37.7,0.493,29,0
3408,3,181,70,38,291,33.7,0.288,50,1
3409,9,110,79,41,153,35.9,0.427,69,0
3410,1,90,71,36,71,25.2,0.198,22,0
3411,3,116,65,25,108,32.3,0.596,24,1
3412,9,112,81,22,358,28.6,0.343,31,0
3413,2,160,80,30,139,24.2,0.245,21,0
3414,8,106,79,39,79,42.5,0.141,25,0
3415,13,166,82,39,196,29.2,0.143,56,0
3416,1,110,82,22,131,25.1,0.342,33,0
3417,8,151,59,36,128,35.2,0.269,40,1
3418,10,86,70,32,38,30.8,0.446,34,1
3419,2,106,82,22,77,26.5,0.188,32,0
3420,5,108,61,31,51,23.9,0.385,25,0
3421,0,88,63,18,64,27.9,0.493,22,0
3422,0,175,74,35,326,33.4,0.566,24,0
3423,0,98,63,18,197,21.8,0.445,21,0
3424,3,166,69,40,180,38.8,0.413,23,1
3425,4,91,54,29,14,32.5,0.738,22,0
3426,6,146,66,26,197,31.8,0.159,39,0
3427,1,89,64,7,93,19.7,0.953,23,0
3428,3,183,78,48,446,32.8,0.661,25,1
3429,7,133,63,27,267,33.3,0.337,45,0
3430,0,182,105,27,130,41.8,1.118,31,1
3431,6,85,91,33,20,36.1,0.15,44,0
3432,2,165,51,29,169,39.5,0.309,28,1
3433,2,83,74,34,82,31.9,0.249,23,0
3434,5,157,79,27,192,40.4,0.177,27,0
3435,1,87,99,23,110,29.6,0.176,24,0
3436,2,121,64,27,174,29.1,0.393,28,0
3437,9,174,83,34,200,45.4,0.674,43,1
3438,2,118,84,31,60,38.8,0.196,21,0
3439,5,88,81,44,17,40.2,0.742,45,0
3440,0,93,74,37,116,37.7,1.01,24,0
3441,3,102,73,16,108,22.5,0.32,34,0
3442,6,118,61,31,190,31.1,0.25,42,0
3443,0,135,79,37,106,45.2,0.385,24,0
3444,0,101,51,32,14,24.3,0.095,23,0
3445,0,151,67,26,137,24.5,0.478,21,0
3446,3,125,63,30,144,30.7,0.23,24,0
3447,2,85,59,17,82,19.3,0.275,27,0
3448,0,120,65,26,59,37.7,0.179,23,0
3449,2,88,59,30,103,30.1,0.22,31,0
3450,1,100,71,22,14,35.1,0.154,27,0
3451,6,141,68,49,337,54.2,0.233,42,1
3452,0,147,75,17,219,38.6,0.449,22,0
3453,1,134,85,37,25,49.5,1.132,28,1
3454,0,126,61,40,165,29.6,0.391,22,1
3455,2,98,79,34,250,34.0,0.584,23,0
3456,1,118,67,17,95,27.0,0.25,21,0
3457,10,100,61,50,105,25.0,0.696,70,0
3458,7,191,89,34,175,35.0,1.409,51,1
3459,10,98,95,32,80,34.1,0.206,63,0
3460,3,134,82,38,278,30.7,0.697,37,0
3461,4,91,53,24,55,31.7,0.458,27,0
3462,0,101,68,18,27,39.8,0.824,29,1
3463,5,99,60,13,166,25.5,0.37,24,0
3464,4,120,62,32,14,28.0,0.616,24,1
3465,0,119,57,34,95,35.6,0.833,21,0
3466,3,98,77,31,50,26.2,0.435,46,0
3467,8,152,75,40,263,30.8,0.265,58,1
3468,3,127,65,38,174,26.7,0.248,25,1
3469,2,80,61,40,116,53.4,0.636,21,0
3470,11,164,78,45,14,45.5,0.93,40,1
3471,6,132,66,29,130,35.2,0.804,26,1
3472,10,91,86,20,67,28.3,0.165,28,0
3473,10,92,62,28,156,22.5,0.191,32,0
3474,2,146,55,42,192,34.5,0.608,33,0
3475,0,181,74,29,148,38.0,0.26,21,1
3476,3,154,75,51,195,38.7,0.271,37,0
3477,1,89,61,25,14,36.0,0.568,24,0
3478,3,142,71,22,352,29.0,0.551,22,0
3479,6,111,60,10,227,24.3,0.657,27,0
3480,6,56,65,13,106,26.1,0.709,26,0
3481,0,146,65,40,342,32.9,1.697,23,0
3482,1,118,58,35,311,49.0,0.839,21,1
3483,8,151,79,39,192,37.5,0.241,43,1
3484,9,117,78,22,325,32.1,0.251,28,0
3485,0,138,73,17,111,30.2,0.59,24,1
3486,11,92,87,18,19,30.5,0.54,53,1
3487,3,88,73,21,16,33.0,0.189,25,0
3488,9,100,76,23,37,26.6,0.264,30,0
3489,0,138,58,31,380,30.6,0.207,21,0
3490,9,142,98,46,295,48.6,1.166,42,1
3491,6,90,71,29,101,25.2,0.161,35,0
3492,3,102,85,19,190,25.4,0.247,22,0
3493,8,105,63,21,104,25.7,1.025,25,0
3494,2,112,70,31,113,31.0,0.337,30,0
3495,0,190,74,32,296,31.8,0.727,22,1
3496,3,105,80,22,169,25.7,0.393,66,0
3497,2,55,69,33,51,30.4,0.42,33,0
3498,7,157,67,21,234,30.2,1.085,41,1
3499,3,124,80,19,268,32.5,2.121,41,1
3500,2,148,61,14,50,24.8,0.218,21,0
3501,9,141,71,19,211,32.5,0.225,49,1
3502,0,190,68,23,365,32.6,0.557,47,1
3503,9,135,80,52,108,48.3,0.103,49,1
3504,3,84,68,8,61,25.2,0.286,38,0
3505,6,106,74,24,200,33.0,0.653,39,1
3506,6,78,74,18,64,25.6,0.316,48,0
3507,9,125,70,28,154,30.1,0.226,39,0
3508,2,146,102,37,362,43.2,0.392,26,0
3509,6,82,71,18,89,21.0,0.43,23,0
3510,1,105,60,10,73,22.8,0.475,21,0
3511,0,93,74,9,49,27.5,1.128,21,0
3512,15,179,75,43,498,32.6,0.292,62,1
3513,0,71,74,23,160,27.0,0.215,23,0
3514,4,125,59,26,40,32.4,0.52,27,0
3515,4,125,76,10,236,26.7,0.582,54,0
3516,11,134,64,46,180,34.0,0.243,49,1
3517,0,63,56,14,15,21.5,0.215,21,0
3518,12,128,74,17,216,30.7,0.084,30,0
3519,5,87,52,28,102,41.1,0.174,25,0
3520,3,196,89,62,240,44.3,0.607,29,1
3521,2,96,89,30,14,26.8,0.275,32,0
3522,0,107,60,7,153,19.8,0.49,22,0
3523,7,138,71,24,163,32.1,0.296,23,0
3524,3,164,58,33,206,25.5,0.233,35,0
3525,7,130,73,41,156,40.8,0.336,40,1
3526,7,125,65,33,322,29.3,0.538,26,0
3527,6,72,57,23,72,25.6,0.241,22,0
3528,1,112,64,23,90,34.0,0.616,27,0
3529,2,162,66,10,271,24.1,0.258,21,0
3530,1,169,84,37,220,34.5,0.28,32,1
3531,6,145,95,29,14,28.0,0.245,42,1
3532,4,164,70,43,147,43.3,0.489,40,1
3533,2,82,87,24,167,23.3,0.083,22,0
3534,4,117,71,25,161,28.8,0.204,44,1
3535,7,101,72,60,124,33.6,0.259,48,1
3536,1,122,61,18,46,29.1,0.681,25,0
3537,7,161,84,35,98,33.2,1.145,43,1
3538,10,153,67,28,394,40.4,0.219,31,1
3539,0,102,63,30,146,47.7,0.285,27,1
3540,2,119,83,20,204,30.5,0.789,25,0
3541,9,166,82,29,188,36.8,0.373,32,1
3542,12,155,61,26,66,22.8,0.306,55,1
3543,4,127,93,55,75,45.5,0.24,28,0
3544,1,127,74,19,69,28.4,0.116,22,0
3545,5,97,62,31,110,38.5,0.166,22,0
3546,13,80,73,45,183,38.8,0.38,37,0
3547,8,81,50,35,130,34.6,0.707,23,1
3548,5,84,68,16,104,30.5,1.574,23,0
3549,0,195,41,30,156,33.6,0.445,35,1
3550,4,106,55,25,140,29.5,0.492,72,0
3551,8,125,69,45,221,33.7,0.343,47,1
3552,11,175,86,37,304,35.0,0.146,48,1
3553,8,89,62,51,36,42.0,0.454,32,0
3554,8,128,65,22,196,22.3,0.27,25,0
3555,6,103,79,10,14,19.5,0.134,23,0
3556,3,79,48,25,106,24.2,0.58,22,0
3557,6,109,68,33,151,32.6,0.997,24,0
3558,2,199,108,32,151,39.0,0.353,27,1
3559,0,132,36,33,139,33.0,0.226,21,1
3560,6,122,87,27,108,31.0,0.326,28,0
3561,4,116,74,29,44,27.9,0.835,31,0
3562,2,117,88,21,212,39.7,0.482,47,0
3563,0,91,71,12,147,30.3,0.706,21,0
3564,4,148,78,25,102,35.2,0.427,46,1
3565,1,97,62,16,145,32.6,0.246,45,1
3566,8,117,76,33,14,40.4,0.325,44,0
3567,5,135,90,40,125,34.5,0.457,68,0
3568,4,88,56,32,18,33.6,0.761,31,0
3569,3,173,85,28,736,32.6,0.085,21,0
3570,5,117,53,28,294,27.2,0.237,22,0
3571,1,137,69,42,186,43.0,0.198,25,0
3572,6,134,68,34,127,28.0,0.936,33,1
3573,0,151,72,24,46,33.9,0.379,23,1
3574,4,187,86,44,251,38.6,0.153,34,0
3575,3,111,69,15,284,22.5,0.299,47,0
3576,0,106,76,48,103,35.4,0.707,28,1
3577,3,81,73,40,66,34.8,0.284,24,0
3578,4,195,89,36,299,30.6,0.156,39,1
3579,3,164,68,12,545,23.6,0.238,23,0
3580,8,84,77,20,115,20.7,0.189,23,0
3581,7,132,89,32,288,34.2,0.21,33,0
3582,0,91,66,48,14,45.4,0.162,22,0
3583,4,94,65,30,42,36.6,0.452,38,0
3584,8,100,77,34,63,36.5,0.543,41,0
3585,0,187,50,38,207,40.1,0.421,23,1
3586,10,87,64,18,75,25.4,0.267,25,0
3587,0,136,67,30,170,31.3,0.239,24,1
3588,6,180,82,32,170,33.4,0.302,29,1
3589,1,93,79,44,47,41.4,0.253,23,0
3590,6,117,106,32,148,39.2,0.609,44,1
3591,1,90,75,31,16,32.0,0.582,34,1
3592,3,170,70,40,168,44.9,0.553,22,1
3593,8,81,75,25,68,33.7,0.373,42,0
3594,2,105,53,32,151,23.6,0.254,26,0
3595,4,127,82,31,52,26.9,0.233,37,0
3596,0,114,61,16,190,33.2,0.446,22,1
3597,0,139,57,15,127,24.7,0.431,22,0
3598,0,87,61,7,44,18.2,0.308,21,0
3599,1,166,85,49,179,45.1,0.545,47,1
3600,4,78,73,29,55,35.6,1.053,29,0
3601,1,129,53,28,396,34.0,0.137,21,0
3602,5,175,81,30,508,32.6,0.278,25,1
3603,7,91,70,18,81,26.1,0.681,47,0
3604,4,89,60,23,65,34.4,0.475,27,1
3605,9,107,78,36,118,34.7,0.186,37,1
3606,5,186,90,41,469,44.3,0.532,31,1
3607,2,109,67,20,75,28.8,0.507,24,0
3608,4,106,65,16,87,24.6,0.371,26,0
3609,0,96,59,24,19,31.7,0.414,21,0
3610,1,161,82,36,271,33.0,0.327,23,0
3611,0,115,64,17,227,23.6,0.773,25,0
3612,7,105,67,26,128,31.7,0.312,33,1
3613,7,137,86,50,179,41.2,1.104,28,1
3614,0,114,84,40,75,35.8,0.837,51,1
3615,0,127,71,41,18,33.2,0.956,30,1
3616,0,56,63,11,69,24.6,0.197,23,0
3617,1,69,90,43,17,49.3,0.415,31,0
3618,4,89,55,24,62,27.7,0.432,28,1
3619,0,87,58,33,14,36.3,0.29,21,0
3620,9,140,90,42,323,43.1,0.92,48,1
3621,1,96,63,29,162,26.7,0.405,22,0
3622,1,78,72,27,28,35.6,0.496,22,0
3623,1,155,96,31,284,34.9,0.717,36,0
3624,9,170,68,37,334,32.3,0.578,37,1
3625,9,129,63,22,135,29.2,0.95,43,1
3626,2,180,89,43,161,47.9,0.603,29,1
3627,9,94,66,18,29,25.4,0.41,47,1
3628,0,119,51,36,110,22.3,0.28,25,0
3629,1,82,76,7,75,23.2,0.171,21,0
3630,2,88,83,37,127,41.9,0.905,28,0
3631,1,140,65,41,204,43.7,0.693,22,0
3632,1,144,91,19,121,24.6,0.119,29,0
3633,0,93,56,21,90,26.4,0.718,22,0
3634,1,114,76,41,118,38.0,0.919,24,1
3635,8,122,66,31,334,34.0,0.715,29,1
3636,3,151,72,30,307,37.0,0.268,52,1
3637,2,89,55,19,72,33.8,0.2,21,0
3638,3,195,78,27,329,34.3,1.202,31,1
3639,7,120,53,25,132,37.5,0.537,42,1
3640,2,78,67,25,88,26.6,0.175,21,0
3641,2,125,71,34,166,43.1,0.757,25,1
3642,5,97,67,19,76,27.5,0.311,26,0
3643,2,149,61,37,76,30.9,0.31,35,0
3644,1,122,72,24,143,34.4,0.292,33,1
3645,1,112,72,18,130,26.8,0.195,23,0
3646,11,147,51,26,189,26.2,0.078,46,1
3647,2,106,53,30,148,36.7,0.337,39,0
3648,11,152,89,35,88,28.8,0.24,51,0
3649,0,145,77,16,155,20.6,0.167,21,0
3650,5,102,88,42,62,32.8,0.216,32,0
3651,1,117,62,39,230,35.0,0.299,30,0
3652,8,114,52,19,118,22.0,0.5,24,0
3653,0,100,59,24,297,29.2,0.505,22,0
3654,3,180,71,23,408,32.8,1.448,62,0
3655,3,91,81,39,57,34.9,0.855,30,0
3656,10,91,59,40,14,32.6,1.001,41,1
3657,1,94,60,27,264,30.3,1.16,31,0
3658,10,193,39,30,378,38.5,0.161,29,1
3659,9,99,65,30,14,33.8,0.252,35,1
3660,12,105,42,28,134,28.3,0.652,40,1
3661,1,64,62,21,53,29.4,0.341,21,0
3662,5,129,67,31,149,28.0,0.497,22,1
3663,3,138,72,30,220,30.4,0.627,32,0
3664,0,182,74,24,285,29.2,0.908,31,1
3665,1,92,63,40,75,38.3,0.402,26,0
3666,2,107,82,31,332,34.0,0.568,36,1
3667,3,136,88,32,95,23.9,0.593,47,0
3668,2,181,76,37,445,42.6,0.53,44,1
3669,7,126,96,27,196,33.6,0.238,52,1
3670,0,164,74,46,209,37.8,0.291,30,1
3671,6,101,76,33,137,42.8,0.559,36,0
3672,3,173,91,40,395,23.1,0.138,40,0
3673,5,146,81,23,94,39.6,0.179,42,0
3674,5,103,60,37,58,31.7,1.253,56,0
3675,2,136,67,33,138,26.7,0.193,21,0
3676,2,106,74,21,109,28.7,0.261,25,0
3677,4,105,67,25,192,33.4,0.239,48,1
3678,6,124,44,28,162,26.3,0.423,31,0
3679,5,71,68,40,101,36.1,0.379,27,0
3680,3,176,70,36,159,30.1,0.138,24,1
3681,5,190,105,33,303,35.3,0.827,53,1
3682,2,126,70,18,240,24.2,0.513,27,0
3683,2,130,67,51,286,40.5,0.14,24,0
3684,2,193,80,41,547,34.1,0.23,50,1
3685,12,137,91,17,263,28.6,0.488,45,0
3686,2,82,69,31,73,29.6,0.245,27,0
3687,5,75,68,23,16,29.7,0.921,61,0
3688,4,126,84,23,139,41.8,0.319,52,0
3689,0,96,78,41,225,35.2,1.444,22,0
3690,1,104,52,20,127,25.5,0.8,22,0
3691,7,71,51,23,14,22.1,0.213,33,0
3692,2,151,62,13,214,19.8,0.958,23,0
3693,5,113,79,39,278,36.0,0.173,26,0
3694,2,119,66,36,155,34.0,0.936,21,1
3695,2,98,86,32,94,31.0,0.391,25,1
3696,3,85,91,20,62,22.5,0.408,41,0
3697,9,155,63,37,179,45.6,0.629,41,1
3698,4,91,60,18,92,19.6,0.3,45,0
3699,0,139,67,30,294,36.0,0.592,41,0
3700,0,99,82,10,267,30.2,0.2,26,0
3701,3,113,50,45,187,41.5,0.474,22,0
3702,9,116,75,29,27,24.5,0.516,54,0
3703,7,126,105,48,148,42.3,0.243,54,1
3704,3,138,71,18,168,31.2,0.671,22,1
3705,2,158,59,24,192,33.3,0.115,23,0
3706,7,179,85,29,274,29.9,0.24,37,0
3707,6,119,85,37,66,32.5,0.4,42,1
3708,0,111,52,12,96,19.8,0.145,22,0
3709,12,86,78,13,148,29.3,0.347,63,0
3710,0,106,71,29,209,36.3,0.908,21,0
3711,5,88,84,47,21,30.1,0.289,33,0
3712,5,93,71,18,82,27.3,0.617,27,0
3713,1,105,60,23,59,21.1,0.244,25,0
3714,7,127,67,18,111,30.4,0.209,56,1
3715,1,96,57,33,19,29.1,0.59,33,0
3716,1,94,68,22,69,25.9,0.225,37,0
3717,0,107,91,30,209,35.2,0.704,23,1
3718,1,136,66,22,212,31.0,0.273,23,0
3719,3,144,77,49,208,56.8,0.566,27,1
3720,2,87,62,15,16,22.0,0.181,22,0
3721,0,91,81,18,103,25.1,0.305,27,0
3722,0,80,74,28,14,28.3,0.153,22,0
3723,1,114,63,21,124,31.9,0.583,44,0
3724,10,99,79,17,241,33.3,0.264,42,0
3725,0,150,77,96,114,52.8,0.269,25,1
3726,0,143,85,29,488,31.1,0.578,39,1
3727,0,171,82,34,43,26.8,0.74,37,1
3728,0,156,75,38,76,40.5,0.501,33,0
3729,12,89,89,14,162,23.3,0.135,34,0
3730,2,84,87,39,65,42.1,0.303,30,0
3731,10,104,62,32,123,30.4,0.579,46,1
3732,0,123,64,17,179,30.2,0.825,23,0
3733,13,105,82,43,124,32.1,0.19,58,1
3734,3,123,91,39,81,32.7,0.423,34,0
3735,7,125,86,12,57,25.4,0.3,23,0
3736,10,109,69,16,111,22.1,0.168,32,0
3737,1,138,75,36,516,41.8,0.112,26,1
3738,5,193,81,38,351,27.8,0.231,27,1
3739,2,113,76,21,64,29.2,0.242,24,0
3740,4,115,74,32,133,36.2,0.198,22,0
3741,1,110,62,26,118,35.7,0.431,42,0
3742,8,127,68,20,165,24.3,0.316,58,0
3743,0,96,69,21,132,33.7,0.456,23,0
3744,3,110,65,23,139,31.3,0.578,26,0
3745,1,96,60,26,60,32.9,0.371,21,0
3746,3,91,75,28,105,35.6,0.821,61,0
3747,1,133,78,30,168,32.0,0.213,21,0
3748,1,178,82,35,179,31.6,0.125,60,1
3749,1,101,38,13,137,27.3,0.148,21,0
3750,6,110,55,19,244,27.2,0.403,34,1
3751,0,101,78,35,96,35.0,1.08,25,0
3752,5,114,65,28,113,22.9,0.17,28,0
3753,0,164,88,16,172,34.0,0.115,56,1
3754,6,183,88,36,178,33.3,0.191,45,1
3755,2,120,59,25,56,27.6,0.124,21,0
3756,2,155,74,29,105,35.5,0.109,46,0
3757,9,112,102,39,64,36.0,0.452,45,1
3758,7,119,73,25,137,29.4,0.294,34,0
3759,5,132,85,46,246,42.8,0.475,32,1
3760,0,127,62,24,120,32.7,0.23,29,1
3761,8,135,65,15,186,25.8,0.172,47,0
3762,2,176,70,31,144,41.8,0.736,23,1
3763,7,96,72,32,62,29.6,0.552,46,0
3764,0,177,69,44,378,33.5,0.643,36,1
3765,8,140,82,31,119,37.4,0.179,26,0
3766,0,124,77,41,16,39.3,0.568,23,0
3767,8,166,81,27,275,30.5,0.208,31,1
3768,1,103,64,37,59,45.6,0.187,21,0
3769,0,192,77,51,155,49.6,0.772,30,1
3770,2,126,69,13,186,18.2,0.502,27,0
3771,1,97,75,32,62,33.4,0.202,22,0
3772,5,129,81,50,114,34.0,0.669,33,1
3773,6,114,63,30,160,34.1,0.097,22,1
3774,0,76,58,7,14,23.2,1.082,35,0
3775,2,98,68,19,238,32.5,0.937,28,0
3776,9,96,70,31,14,19.4,0.255,32,0
3777,1,72,55,28,144,34.2,0.521,24,0
3778,1,88,59,26,14,23.9,0.173,23,0
3779,0,121,39,25,370,25.8,0.115,21,1
3780,1,83,63,37,120,33.9,0.63,23,0
3781,7,75,64,29,61,26.4,0.096,49,0
3782,9,182,88,34,207,32.9,0.494,30,1
3783,3,95,76,20,39,24.3,0.135,26,0
3784,5,113,88,32,43,40.1,0.27,31,1
3785,1,134,86,28,20,33.3,0.26,28,1
3786,14,196,69,23,407,34.6,0.827,40,1
3787,4,175,78,30,352,36.4,0.391,42,1
3788,1,192,88,32,285,33.3,0.749,36,0
3789,1,143,87,33,79,25.8,0.193,21,0
3790,8,106,78,12,266,32.4,1.186,57,0
3791,1,176,76,31,110,28.4,0.328,23,1
3792,2,116,70,28,122,26.8,0.25,29,0
3793,8,148,70,26,53,28.2,0.923,39,1
3794,1,88,70,30,95,26.0,0.168,28,0
3795,0,166,64,39,143,38.2,0.407,24,1
3796,1,147,80,32,92,33.7,0.4,33,0
3797,1,126,72,36,195,39.4,1.706,22,0
3798,12,193,76,29,332,40.1,0.254,31,1
3799,4,110,76,47,271,40.5,1.195,33,0
3800,4,92,92,28,23,26.4,0.329,46,0
3801,4,125,70,28,79,31.0,0.648,33,0
3802,0,97,53,22,64,30.4,0.57,22,0
3803,10,158,79,26,355,34.9,0.377,44,1
3804,7,91,75,20,136,30.6,0.386,33,1
3805,3,127,73,39,305,36.2,0.754,31,0
3806,0,122,83,48,121,47.5,0.386,33,1
3807,2,83,50,19,182,25.8,0.6,24,0
3808,1,89,80,12,117,32.1,0.593,22,0
3809,0,93,57,27,83,21.6,0.263,21,0
3810,4,183,69,24,409,30.9,0.247,22,1
3811,4,137,62,29,93,32.4,0.236,55,0
3812,1,101,70,18,99,24.2,0.853,24,0
3813,3,143,87,31,325,30.5,0.195,33,0
3814,12,107,68,35,68,33.8,0.254,52,1
3815,5,113,70,47,14,34.3,0.637,65,0
3816,1,102,77,45,85,33.9,0.14,31,1
3817,1,91,63,39,149,33.8,0.49,21,0
3818,10,98,81,32,22,34.9,0.691,45,0
3819,1,107,80,32,98,41.7,0.66,35,1
3820,7,163,73,37,238,30.3,0.913,42,1
3821,14,119,89,30,150,32.6,0.36,58,1
3822,4,105,76,11,79,18.2,0.229,23,0
3823,0,124,57,31,107,36.3,0.078,21,0
3824,2,156,80,36,181,37.6,0.138,21,0
3825,1,124,85,39,413,32.2,0.414,38,0
3826,0,120,87,28,141,37.6,0.27,22,0
3827,5,125,62,32,280,37.9,0.428,24,0
3828,3,120,68,30,153,29.9,0.114,23,0
3829,2,133,79,35,176,29.6,0.43,21,0
3830,6,114,71,36,224,36.2,0.385,31,0
3831,0,104,61,32,20,34.5,0.362,21,0
3832,1,89,62,21,142,24.4,0.313,24,0
3833,9,93,37,16,67,27.7,0.178,32,1
3834,2,95,65,24,17,24.8,0.39,26,0
3835,1,58,54,20,14,22.5,0.186,22,0
3836,3,168,89,52,175,38.2,0.831,34,1
3837,7,116,81,35,144,27.2,0.238,32,0
3838,0,172,76,37,225,35.6,0.799,29,1
3839,5,193,63,17,339,26.6,0.559,36,1
3840,11,105,69,27,84,30.7,0.81,30,0
3841,0,130,64,13,106,21.7,0.698,21,0
3842,5,133,63,31,179,26.7,0.202,29,0
3843,1,116,76,24,229,29.4,0.829,37,0
3844,7,91,77,24,27,29.9,0.46,23,0
3845,0,128,87,22,172,41.5,0.535,22,0
3846,1,95,62,7,100,23.8,0.653,27,0
3847,3,99,65,19,35,31.6,0.415,42,1
3848,0,88,25,13,28,25.0,0.358,23,0
3849,5,194,62,32,241,30.3,0.67,29,1
3850,7,125,88,40,82,43.6,0.182,64,0
3851,6,74,74,33,14,37.5,0.264,45,0
3852,2,95,64,40,14,39.9,0.302,22,0
3853,0,120,65,25,178,30.0,0.349,23,0
3854,4,100,77,22,48,21.8,0.216,57,0
3855,2,120,89,32,50,39.2,0.67,59,0
3856,0,109,79,33,14,32.9,0.248,21,0
3857,5,107,111,35,180,31.9,0.166,38,0
3858,2,98,91,16,109,26.0,0.253,23,0
3859,5,141,65,31,86,45.8,0.742,24,1
3860,7,134,70,13,127,26.2,1.32,21,1
3861,3,96,77,34,179,35.7,0.553,28,0
3862,12,125,54,31,117,25.8,0.308,29,1
3863,3,184,68,20,290,22.8,0.498,36,1
3864,5,138,65,30,170,29.7,0.155,39,1
3865,5,135,79,36,231,31.3,0.963,36,1
3866,1,109,66,40,173,38.7,0.222,26,0
3867,7,127,76,27,25,30.2,0.167,29,1
3868,2,116,67,30,119,25.4,0.137,39,0
3869,1,71,74,24,54,32.2,0.648,27,0
3870,8,141,71,35,507,30.6,0.319,53,1
3871,5,123,68,20,116,25.7,0.431,22,0
3872,3,160,78,43,183,37.0,0.373,60,1
3873,10,126,89,34,279,37.9,0.565,37,1
3874,0,121,80,49,410,37.5,0.411,46,1
3875,4,138,67,37,211,41.1,0.292,37,0
3876,3,121,90,34,115,40.0,0.551,30,1
3877,0,153,80,28,136,41.8,0.701,22,1
3878,4,152,74,16,391,30.0,0.973,29,0
3879,0,165,60,32,247,35.0,0.356,31,1
3880,4,108,48,22,149,24.9,0.277,33,0
3881,3,89,57,33,47,35.8,0.595,41,0
3882,1,77,30,33,77,32.2,0.238,22,0
3883,1,119,69,35,173,30.9,0.491,22,0
3884,11,137,71,41,59,30.5,0.224,52,1
3885,6,113,33,13,170,23.8,0.401,43,1
3886,3,105,52,26,267,30.5,0.342,25,1
3887,3,100,81,41,88,46.0,0.629,39,1
3888,5,115,90,39,49,34.6,0.484,53,0
3889,7,73,79,29,14,23.6,0.1,32,0
3890,2,108,79,31,177,42.0,0.171,25,0
3891,7,102,79,20,158,32.2,0.163,43,0
3892,4,120,91,28,258,39.5,0.359,62,0
3893,9,137,68,33,60,44.1,0.264,27,0
3894,13,102,80,21,21,27.6,1.228,41,1
3895,4,147,84,29,186,31.4,0.19,25,1
3896,6,120,87,33,67,28.0,0.264,56,1
3897,6,98,79,31,74,39.2,0.335,46,0
3898,1,121,90,33,228,31.9,0.321,23,0
3899,1,120,87,28,131,24.7,0.262,21,0
3900,2,88,83,40,165,30.2,0.669,38,0
3901,5,121,103,26,115,34.9,0.257,50,1
3902,5,99,66,20,68,29.4,0.315,22,0
3903,0,88,74,33,17,35.4,0.164,22,0
3904,2,157,91,64,471,53.5,0.426,56,1
3905,0,122,75,20,331,38.8,0.479,22,0
3906,7,165,63,29,182,34.9,0.091,48,0
3907,3,91,86,32,189,35.5,0.486,50,0
3908,5,94,75,43,177,26.9,0.29,26,0
3909,3,181,91,59,303,50.8,0.598,22,1
3910,0,110,55,13,246,20.7,0.228,22,0
3911,10,94,73,17,14,22.1,0.193,26,0
3912,11,133,86,26,231,25.8,0.617,49,1
3913,3,103,52,37,127,30.8,0.714,21,0
3914,6,86,71,24,58,29.3,0.519,30,0
3915,1,100,94,24,112,35.7,0.922,28,0
3916,2,192,71,23,135,31.2,0.123,27,0
3917,0,88,60,34,68,24.3,0.349,24,0
3918,2,175,64,42,213,37.7,0.546,23,1
3919,0,179,89,32,302,38.8,0.437,53,1
3920,1,98,72,41,262,40.3,0.922,39,0
3921,9,130,75,39,142,49.7,0.309,26,1
3922,4,100,64,17,62,33.9,0.286,42,0
3923,0,102,60,16,101,20.6,0.165,22,0
3924,7,104,67,48,121,41.0,0.232,29,1
3925,5,118,72,20,139,29.2,0.359,29,0
3926,0,131,62,35,172,33.4,0.63,32,1
3927,4,90,53,29,132,22.6,0.115,21,0
3928,10,97,70,29,64,37.2,0.166,22,0
3929,0,82,74,21,43,27.3,0.375,25,0
3930,10,58,75,32,129,34.0,0.322,26,0
3931,2,134,72,29,160,26.6,0.151,22,0
3932,2,95,61,32,14,21.3,0.569,29,0
3933,4,101,85,39,113,35.8,0.179,56,0
3934,0,95,65,23,104,36.6,0.428,22,0
3935,3,95,78,31,24,33.2,0.911,36,0
3936,3,79,79,24,20,23.1,0.127,27,0
3937,3,128,84,40,173,32.1,0.349,27,0
3938,3,136,77,33,194,37.2,0.258,33,1
3939,5,106,75,23,178,30.6,0.26,52,0
3940,5,136,51,19,115,23.3,0.255,26,0
3941,4,174,72,28,273,34.4,0.1,24,1
3942,4,118,77,29,224,31.2,0.23,40,0
3943,3,104,70,33,79,30.0,0.273,26,1
3944,0,98,64,32,17,32.5,0.183,24,0
3945,5,128,73,26,279,29.8,0.284,70,0
3946,1,155,87,23,132,31.7,0.14,31,1
3947,5,198,80,29,330,41.8,0.599,54,1
3948,3,112,65,51,59,37.4,0.524,28,0
3949,3,140,91,23,192,33.2,0.11,29,1
3950,4,99,74,15,104,25.3,0.097,46,0
3951,0,121,71,40,112,36.2,0.755,21,1
3952,13,96,73,34,62,39.5,0.296,40,0
3953,2,96,66,8,183,18.2,0.398,21,0
3954,9,158,84,39,304,45.4,0.877,32,1
3955,12,99,88,12,144,21.3,0.181,38,0
3956,0,126,61,25,59,23.2,0.078,28,0
3957,1,77,60,14,26,24.2,0.243,23,0
3958,2,183,79,37,211,30.4,0.911,40,1
3959,7,125,77,23,76,26.1,0.131,62,0
3960,1,109,75,24,143,30.5,0.365,24,0
3961,4,110,82,23,126,35.3,0.398,27,0
3962,3,132,67,32,74,33.3,1.149,40,0
3963,1,151,82,30,178,34.5,0.876,30,1
3964,8,110,75,43,156,45.6,0.154,29,1
3965,0,118,60,31,275,40.1,0.284,21,0
3966,9,106,68,23,161,39.8,0.322,38,1
3967,1,108,74,27,190,38.0,0.527,25,0
3968,5,96,61,17,107,27.8,0.301,24,0
3969,6,61,71,28,19,22.4,0.289,43,0
3970,6,99,63,25,203,35.1,0.431,29,0
3971,9,169,87,44,147,33.1,0.219,62,1
3972,0,110,55,37,139,36.5,0.221,22,0
3973,8,186,95,39,225,41.2,0.777,51,1
3974,6,110,82,49,101,42.9,0.489,52,0
3975,7,128,89,36,212,33.2,0.282,42,1
3976,1,106,69,24,247,28.8,0.293,21,0
3977,0,152,80,25,330,41.5,0.555,27,1
3978,6,112,72,38,68,48.0,0.335,28,1
3979,2,104,69,36,90,32.5,0.375,57,1
3980,3,109,62,18,311,19.6,0.096,24,0
3981,7,117,69,13,152,25.6,0.853,56,1
3982,4,86,57,39,93,29.7,0.706,23,0
3983,6,119,86,33,66,34.0,0.748,29,0
3984,2,99,73,28,17,31.1,0.73,21,0
3985,0,85,57,40,62,40.1,0.214,21,0
3986,5,127,73,34,390,37.2,0.183,65,0
3987,4,131,73,38,296,43.5,0.207,31,1
3988,7,71,62,22,14,25.6,0.125,42,0
3989,0,150,63,33,14,28.9,0.078,30,0
3990,3,96,69,17,61,25.3,0.101,22,0
3991,4,186,81,31,284,42.5,0.521,25,1
3992,0,121,80,25,95,35.5,0.451,23,0
3993,2,194,79,33,196,37.0,0.269,32,0
3994,3,97,81,35,51,40.8,0.227,22,0
3995,13,184,78,42,285,43.1,0.536,37,1
3996,5,85,55,19,82,27.3,0.506,33,0
3997,5,96,74,20,234,32.0,0.2,42,0
3998,3,139,70,38,102,36.3,0.272,36,1
3999,1,106,60,25,14,24.9,0.326,21,0
4000,2,71,53,24,96,24.0,0.573,28,0
4001,1,101,68,29,31,22.3,0.135,21,0
4002,0,176,77,39,169,33.6,1.198,41,1
4003,0,103,70,36,106,46.8,0.665,30,1
4004,0,86,58,27,14,25.9,0.312,21,0
4005,7,143,81,24,59,35.8,0.515,31,0
4006,1,122,86,15,142,24.7,0.443,27,0
4007,6,141,75,37,169,29.0,0.256,38,1
4008,1,116,76,37,122,36.1,0.744,23,0
4009,15,120,59,28,621,31.3,1.185,52,1
4010,0,147,70,33,315,34.7,0.254,25,1
4011,1,92,92,41,23,46.1,0.221,25,0
4012,10,180,80,40,242,32.9,1.13,25,1
4013,2,109,66,36,96,34.0,0.688,24,1
4014,8,164,68,50,237,38.1,0.159,26,1
4015,4,199,98,30,248,31.9,0.203,24,1
4016,5,154,78,11,189,27.1,0.164,26,0
4017,1,111,74,26,131,35.5,0.405,24,0
4018,3,110,78,46,16,36.8,0.76,36,1
4019,7,185,61,42,265,35.7,0.314,38,1
4020,5,66,76,18,14,24.6,0.364,26,0
4021,7,123,107,30,116,32.3,0.343,41,0
4022,2,124,63,51,25,42.3,0.608,21,1
4023,1,91,71,26,79,31.8,0.273,26,0
4024,0,95,68,25,154,39.7,0.25,25,0
4025,4,124,70,43,135,35.5,1.16,31,1
4026,9,95,87,40,121,32.8,0.761,29,0
4027,2,133,71,38,177,37.7,0.402,23,0
4028,9,111,65,7,92,20.1,0.078,21,0
4029,0,87,64,18,97,26.5,0.407,25,0
4030,7,105,64,51,102,37.4,0.769,24,1
4031,8,87,85,30,27,24.2,0.339,26,0
4032,9,183,74,37,302,43.7,0.316,53,1
4033,6,152,75,24,248,22.8,0.732,63,0
4034,9,129,68,25,185,27.8,0.74,42,1
4035,4,110,79,12,68,21.9,0.092,42,0
4036,1,105,47,32,137,27.0,0.372,65,0
4037,3,82,50,29,44,29.8,0.754,21,0
4038,3,89,76,21,77,27.0,0.248,40,0
4039,0,112,57,19,60,24.1,0.263,21,0
4040,1,100,78,29,100,28.4,0.22,21,0
4041,12,113,75,28,103,30.4,0.141,64,0
4042,1,113,79,34,169,41.6,0.156,43,1
4043,0,97,48,36,34,26.5,0.836,21,0
4044,6,97,95,40,36,24.6,0.852,38,0
4045,6,154,76,29,216,32.2,0.24,52,1
4046,14,152,84,43,168,47.9,0.266,40,1
4047,6,186,55,24,576,36.3,0.577,29,1
4048,2,82,58,14,33,22.1,0.606,30,0
4049,1,133,72,18,92,31.2,0.94,21,1
4050,0,97,70,21,168,24.1,0.165,26,0
4051,6,115,75,38,32,37.1,0.261,25,0
4052,1,163,78,30,175,32.3,0.22,25,0
4053,4,117,82,33,125,35.1,0.189,26,0
4054,3,139,65,27,241,22.1,0.961,39,0
4055,0,100,72,13,91,27.5,0.136,21,0
4056,2,88,68,26,19,26.0,0.243,25,0
4057,1,118,74,21,121,22.3,0.432,23,0
4058,6,169,65,54,208,35.2,0.274,45,1
4059,7,121,78,40,130,45.7,0.183,34,0
4060,8,118,71,32,290,33.5,0.282,23,0
4061,0,129,70,41,391,34.2,1.217,24,0
4062,10,98,59,24,59,33.1,0.697,25,0
4063,8,111,78,33,142,32.2,0.417,56,0
4064,8,131,79,32,323,41.9,0.11,40,1
4065,9,101,73,17,18,19.7,0.252,25,0
4066,4,110,72,25,170,35.1,0.888,47,1
4067,5,93,64,15,186,32.3,0.349,21,0
4068,2,124,86,31,43,26.7,0.199,24,0
4069,6,150,59,28,320,26.0,0.239,28,1
4070,4,114,98,32,114,32.7,0.078,36,0
4071,2,71,86,52,64,37.7,0.703,40,0
4072,6,85,66,42,95,31.0,0.287,23,0
4073,4,116,77,44,70,47.3,0.544,60,0
4074,2,81,78,41,32,29.7,0.158,23,0
4075,4,87,62,16,49,20.8,0.481,22,0
4076,6,100,93,28,165,30.4,0.135,27,0
4077,0,107,78,42,133,31.9,0.282,25,0
4078,3,86,57,15,77,26.2,0.179,22,0
4079,4,120,79,44,190,45.2,0.6,23,1
4080,9,167,66,7,187,24.5,0.643,52,1
4081,1,133,56,12,72,24.4,0.5,23,0
4082,4,90,60,19,29,19.8,0.621,37,0
4083,3,129,66,36,276,30.9,0.386,28,0
4084,1,87,76,8,106,26.6,0.251,23,0
4085,0,139,57,16,196,27.1,0.268,23,0
4086,1,92,65,12,80,23.9,0.113,21,0
4087,2,108,70,26,95,25.0,0.336,26,0
4088,2,190,71,28,343,36.7,0.167,22,1
4089,1,155,67,34,195,33.9,0.528,33,0
4090,7,142,64,23,219,33.2,0.236,45,1
4091,9,182,73,34,162,35.0,1.148,44,1
4092,0,112,82,45,198,36.5,0.179,23,1
4093,5,116,73,16,81,31.8,1.373,34,1
4094,2,95,60,25,14,23.1,0.444,26,0
4095,1,91,65,24,160,24.5,0.441,25,0
4096,0,104,50,25,75,27.0,0.405,26,0
4097,0,155,77,41,380,31.9,1.115,31,1
4098,1,90,78,14,55,23.7,0.482,63,0
4099,2,95,77,21,124,25.8,0.465,27,0
4100,2,149,74,26,178,27.6,0.695,51,1
4101,8,132,61,43,235,42.0,0.371,22,1
4102,3,118,88,19,97,26.0,0.186,63,0
4103,9,96,63,31,170,28.7,0.25,30,1
4104,3,126,81,17,286,33.0,0.573,38,0
4105,8,177,61,26,214,36.2,0.575,47,1
4106,2,127,64,22,169,21.2,0.345,26,0
4107,7,159,83,29,146,37.5,0.568,41,1
4108,4,112,70,54,189,44.9,0.864,64,0
4109,4,186,73,37,453,30.6,0.605,44,1
4110,6,106,73,26,140,26.9,0.655,45,0
4111,4,79,72,31,59,39.2,0.47,22,0
4112,7,97,84,50,180,51.4,0.724,23,0
4113,2,84,62,9,14,24.1,0.494,26,0
4114,2,138,67,17,138,24.2,0.346,30,0
4115,4,128,62,30,159,39.1,0.306,56,1
4116,4,192,73,25,256,34.7,0.111,26,0
4117,3,104,98,59,173,55.6,0.491,66,0
4118,0,105,78,39,106,36.8,0.614,21,0
4119,4,98,75,32,14,32.5,0.958,41,1
4120,9,130,76,29,14,34.9,0.293,40,1
4121,3,111,79,33,276,31.6,0.195,24,0
4122,9,80,68,53,73,35.4,0.344,67,0
4123,3,115,52,27,64,28.0,0.711,26,0
4124,4,120,59,21,63,24.5,0.132,29,0
4125,4,128,62,30,159,38.6,0.704,31,1
4126,0,118,63,12,88,20.1,0.204,33,0
4127,8,103,81,44,199,37.9,0.22,59,0
4128,8,99,77,13,194,19.9,0.668,38,0
4129,8,181,91,23,247,30.1,0.509,67,1
4130,0,156,52,32,169,30.3,0.199,47,1
4131,3,90,80,30,67,35.8,0.174,24,0
4132,6,142,68,23,259,23.3,1.177,37,0
4133,4,96,63,39,58,27.9,0.249,25,0
4134,8,199,52,50,483,36.0,0.206,35,1
4135,2,146,91,18,192,31.1,0.321,41,0
4136,4,106,56,27,210,32.5,0.309,54,0
4137,3,148,80,25,163,29.0,0.657,53,0
4138,3,123,96,38,63,27.0,0.346,46,0
4139,10,96,65,19,163,24.5,0.147,50,0
4140,6,110,83,31,386,23.5,0.265,37,0
4141,9,104,49,22,147,23.9,0.349,50,1
4142,10,93,82,22,106,24.8,0.943,32,1
4143,4,161,70,25,311,28.5,0.587,31,1
4144,0,119,82,34,97,43.9,0.664,37,1
4145,2,100,82,27,86,35.2,0.135,25,0
4146,4,126,81,27,260,30.3,0.161,48,1
4147,2,181,64,19,463,25.3,0.434,32,0
4148,3,179,69,28,48,34.5,0.286,44,1
4149,2,157,63,18,126,23.1,0.411,28,1
4150,5,106,73,23,108,36.1,0.2,24,0
4151,9,54,83,29,15,30.5,0.291,27,0
4152,1,115,78,22,257,25.5,0.145,23,0
4153,2,143,73,29,167,31.3,0.32,28,0
4154,7,113,75,56,300,52.3,0.668,36,0
4155,4,114,62,18,205,28.5,1.05,41,1
4156,17,149,74,38,215,30.1,0.211,55,1
4157,2,111,59,34,58,35.2,0.381,24,0
4158,10,157,79,26,222,30.1,0.682,43,1
4159,0,192,70,19,546,25.2,0.275,21,0
4160,5,103,63,18,230,37.0,0.451,25,0
4161,2,139,69,42,157,39.8,0.533,32,1
4162,7,108,85,21,259,34.0,0.344,29,1
4163,8,93,75,31,22,34.6,0.301,42,1
4164,6,111,69,19,119,33.9,0.853,42,0
4165,5,129,72,19,118,32.7,0.247,37,1
4166,3,119,71,54,161,39.3,0.254,27,0
4167,0,192,71,18,200,33.0,0.793,30,1
4168,3,125,57,18,310,28.3,0.314,21,0
4169,5,88,81,38,24,35.6,0.737,22,0
4170,5,159,84,40,197,42.3,0.517,30,1
4171,8,144,82,38,215,32.8,1.186,67,0
4172,1,127,82,50,185,38.2,0.395,22,0
4173,3,96,65,25,65,37.4,0.733,46,0
4174,1,190,90,13,213,32.8,0.245,31,1
4175,2,138,57,16,119,26.2,0.143,23,0
4176,9,182,65,22,233,34.7,0.307,50,1
4177,10,129,89,27,317,40.0,2.24,41,1
4178,4,139,74,22,107,34.0,0.295,29,0
4179,6,100,75,39,150,32.9,0.203,41,0
4180,8,88,72,30,75,37.5,0.506,22,0
4181,6,108,75,28,203,45.2,0.929,33,0
4182,1,126,60,30,224,37.9,1.137,21,0
4183,0,88,86,17,68,22.8,0.272,23,0
4184,2,135,69,22,145,27.4,0.206,21,0
4185,2,93,99,30,76,36.1,0.514,32,0
4186,5,85,74,31,23,34.9,0.078,35,0
4187,6,143,82,17,190,28.8,0.152,24,0
4188,6,184,84,44,110,38.8,0.662,37,1
4189,5,102,69,15,166,31.5,1.358,43,1
4190,12,154,90,41,359,44.4,0.078,54,0
4191,2,73,54,25,78,33.6,0.603,28,0
4192,4,79,75,25,97,32.0,0.297,30,0
4193,2,134,61,28,292,34.8,0.192,37,1
4194,1,101,60,15,25,29.8,0.248,22,0
4195,6,125,76,37,248,36.8,0.285,32,0
4196,1,77,62,27,45,30.9,0.157,21,0
4197,1,107,73,18,52,36.1,0.21,27,0
4198,2,106,75,31,96,26.4,0.708,24,0
4199,2,111,64,19,209,32.4,0.234,21,0
4200,1,156,78,12,159,23.5,0.172,21,0
4201,1,104,99,28,88,27.0,1.272,31,0
4202,7,116,71,41,300,32.0,0.438,41,1
4203,0,109,89,40,46,39.5,0.882,25,0
4204,3,90,87,13,51,25.6,0.159,35,0
4205,3,185,71,16,525,30.3,0.696,35,1
4206,4,148,66,27,104,34.0,0.326,40,1
4207,9,108,77,26,63,34.2,0.535,41,0
4208,7,113,54,16,137,32.1,0.213,24,1
4209,8,149,67,47,372,32.5,0.631,42,1
4210,0,155,77,32,131,43.0,0.246,24,1
4211,5,67,74,25,75,24.5,0.235,25,0
4212,3,96,67,24,59,30.4,0.717,23,0
4213,5,100,79,40,117,38.7,0.425,51,0
4214,0,173,63,36,131,29.0,0.282,31,1
4215,8,168,75,34,96,39.2,0.25,32,1
4216,6,153,61,40,195,26.6,0.281,46,0
4217,10,129,77,41,281,27.8,0.503,43,0
4218,7,101,74,27,14,37.0,0.522,30,1
4219,2,87,92,14,67,29.6,0.2,25,0
4220,2,106,88,34,118,32.5,0.827,28,0
4221,0,155,79,29,359,35.4,0.5,22,0
4222,6,120,65,24,310,37.7,0.115,44,1
4223,8,105,80,27,130,32.1,0.926,38,1
4224,2,151,58,30,162,28.1,0.242,24,0
4225,5,94,88,41,150,40.0,0.27,51,0
4226,7,117,70,34,25,24.2,0.217,35,1
4227,12,156,81,35,262,40.5,0.138,51,1
4228,2,149,73,21,429,34.7,0.453,21,0
4229,3,121,56,24,117,33.7,0.078,28,0
4230,13,94,59,24,102,29.3,0.095,42,0
4231,1,136,85,26,234,32.2,0.198,48,1
4232,1,120,49,18,207,32.5,0.298,23,0
4233,4,105,61,30,74,29.1,0.384,30,0
4234,0,116,90,27,127,45.3,0.485,21,0
4235,5,191,72,35,484,30.6,0.208,45,1
4236,1,116,78,45,71,46.7,0.664,22,0
4237,2,94,71,37,64,30.3,0.363,21,0
4238,3,131,70,17,403,33.5,0.224,26,1
4239,1,96,62,26,74,27.9,0.294,25,0
4240,8,98,65,27,92,20.3,0.249,48,0
4241,10,136,74,32,239,26.4,0.528,41,1
4242,6,97,65,32,59,29.3,0.151,46,0
4243,0,129,79,40,339,40.7,0.549,23,1
4244,5,73,60,21,20,31.9,0.268,21,0
4245,3,134,86,45,324,54.2,0.881,32,1
4246,1,130,60,17,124,23.3,0.368,23,0
4247,1,186,76,37,144,33.1,0.262,37,0
4248,0,164,68,49,395,36.5,0.367,24,1
4249,5,143,69,36,139,33.5,0.372,46,0
4250,10,108,66,10,14,37.5,0.824,29,1
4251,1,111,68,24,135,34.5,0.174,21,0
4252,2,135,58,24,266,29.6,0.668,30,0
4253,0,147,71,17,187,33.0,0.32,26,1
4254,4,172,58,16,289,23.8,0.672,44,0
4255,7,135,70,47,151,43.6,0.458,21,0
4256,1,111,69,39,192,45.5,0.667,24,0
4257,8,95,63,26,78,35.0,0.308,26,0
4258,2,100,70,22,168,24.2,0.264,41,0
4259,10,128,68,36,25,32.8,0.395,45,0
4260,4,99,63,31,178,29.6,0.181,27,0
4261,1,91,79,24,59,27.0,0.518,24,0
4262,10,151,60,38,252,31.5,0.304,66,0
4263,1,114,76,32,170,31.2,0.613,38,0
4264,8,115,65,27,108,42.0,0.713,56,1
4265,1,77,65,7,61,22.9,0.543,27,0
4266,1,118,71,26,223,33.2,0.534,26,1
4267,5,104,53,28,166,32.1,1.383,31,1
4268,2,135,74,37,180,35.7,0.275,38,0
4269,1,84,107,18,26,29.1,0.162,33,0
4270,3,115,78,39,192,26.8,0.316,25,0
4271,8,84,73,40,207,33.4,0.18,31,1
4272,6,107,75,41,144,31.3,0.263,61,0
4273,0,83,69,13,150,29.5,0.687,21,0
4274,1,96,76,18,234,37.4,0.574,30,0
4275,1,150,76,34,17,34.4,0.708,22,1
4276,2,99,77,36,169,33.7,0.78,27,0
4277,1,102,73,18,129,37.7,0.385,25,0
4278,8,88,79,29,64,29.7,0.291,45,0
4279,7,153,80,33,105,31.6,0.653,30,1
4280,9,89,80,7,103,19.3,0.145,26,0
4281,1,102,90,29,115,25.0,0.249,31,0
4282,5,151,76,28,246,30.9,0.301,39,0
4283,1,99,54,18,20,30.6,0.339,21,0
4284,1,119,85,42,158,35.9,0.39,39,0
4285,2,106,61,27,342,34.3,0.509,28,1
4286,1,106,77,36,86,37.3,0.423,23,0
4287,4,92,94,32,162,35.6,0.155,26,0
4288,1,145,52,32,236,37.3,0.704,22,1
4289,6,149,62,37,223,31.6,0.387,21,1
4290,4,175,88,41,149,43.9,0.577,43,1
4291,6,97,62,25,117,34.3,0.199,29,0
4292,6,107,90,29,145,41.8,0.309,30,0
4293,0,106,78,39,43,43.5,1.298,27,1
4294,0,110,57,14,282,27.2,0.486,21,0
4295,10,159,78,38,253,29.6,1.225,62,1
4296,2,182,73,49,285,54.8,0.365,25,1
4297,0,198,89,36,290,33.8,0.582,23,1
4298,1,92,70,36,194,30.0,0.163,24,0
4299,0,115,85,19,102,28.2,0.504,26,0
4300,0,117,58,30,85,22.4,0.264,21,0
4301,1,187,83,46,119,35.4,0.708,40,1
4302,0,121,50,22,560,32.7,0.477,21,0
4303,1,108,63,40,95,34.8,0.237,22,0
4304,2,105,61,14,80,24.1,0.216,23,0
4305,3,118,67,16,60,24.1,0.571,28,0
4306,1,91,71,26,96,37.6,0.665,25,0
4307,0,115,66,20,165,26.3,0.196,29,1
4308,1,135,73,27,117,26.9,0.273,25,0
4309,2,137,77,12,204,27.2,0.26,22,0
4310,3,94,94,18,14,32.4,0.138,60,0
4311,0,139,77,27,41,36.4,0.176,21,0
4312,4,176,91,29,107,40.9,0.225,23,0
4313,1,151,69,36,257,29.8,0.772,37,1
4314,1,148,62,30,152,32.2,0.249,38,1
4315,6,134,96,28,264,33.8,0.105,61,0
4316,8,158,82,36,123,42.4,0.327,41,1
4317,8,122,80,31,166,27.3,0.142,48,0
4318,9,126,75,41,122,32.3,0.373,48,1
4319,0,85,69,11,51,27.9,0.588,22,0
4320,13,122,85,39,274,44.9,0.296,58,0
4321,4,107,69,28,132,28.7,0.826,39,0
4322,0,128,85,17,44,44.0,1.212,47,1
4323,1,106,72,13,138,30.4,1.261,23,0
4324,1,137,54,41,111,32.4,0.225,22,0
4325,2,82,67,27,31,22.3,0.73,30,0
4326,9,87,70,24,297,46.2,0.573,22,1
4327,5,180,93,19,358,34.0,0.375,60,1
4328,2,59,69,40,14,38.9,1.153,25,0
4329,7,84,75,20,14,34.7,0.262,44,0
4330,5,112,86,15,123,20.3,0.091,26,0
4331,3,112,79,41,91,31.0,0.189,39,0
4332,8,160,67,39,161,28.0,0.102,32,1
4333,3,71,73,17,99,28.4,0.35,35,0
4334,0,136,70,25,248,34.1,0.332,21,0
4335,6,142,82,30,275,35.0,0.123,26,1
4336,1,148,61,35,86,31.4,0.498,35,0
4337,0,63,65,36,57,36.2,0.233,24,0
4338,3,131,93,32,481,39.2,0.609,30,0
4339,11,58,54,29,28,31.8,0.423,25,0
4340,11,134,67,35,336,26.1,1.275,52,1
4341,7,109,60,24,190,27.6,0.283,46,0
4342,0,100,70,15,168,32.0,1.103,24,0
4343,2,81,58,40,297,39.5,0.106,36,0
4344,2,137,46,32,76,27.5,0.233,30,0
4345,9,194,73,30,465,30.8,0.297,42,1
4346,1,143,65,12,215,22.8,0.165,22,0
4347,0,138,82,24,231,26.7,0.213,30,1
4348,2,89,60,23,14,34.0,0.432,25,0
4349,1,86,73,21,28,25.6,0.394,21,0
4350,1,123,62,22,231,30.0,0.957,28,0
4351,2,156,79,49,196,41.3,0.145,23,0
4352,0,106,68,20,139,29.6,0.166,25,0
4353,2,105,67,21,73,25.9,0.52,25,0
4354,9,127,105,32,232,29.9,0.363,64,1
4355,1,196,87,47,446,44.0,1.022,25,1
4356,16,144,109,32,93,31.4,0.507,67,1
4357,2,106,69,38,76,36.1,0.125,30,0
4358,8,128,90,19,129,38.1,0.261,32,1
4359,9,102,83,46,317,48.5,0.191,23,0
4360,2,86,58,42,162,40.0,1.469,22,0
4361,9,98,80,17,17,21.6,0.328,64,0
4362,2,93,79,29,100,36.7,0.136,22,0
4363,2,168,68,21,484,29.4,0.174,33,0
4364,4,118,69,40,104,34.3,0.243,22,1
4365,0,175,70,50,560,41.4,0.52,30,1
4366,2,114,87,39,117,40.6,0.164,25,0
4367,2,88,69,16,91,23.6,0.245,28,0
4368,4,126,65,38,189,28.9,1.146,26,0
4369,2,148,77,37,485,29.6,0.72,27,1
4370,7,90,61,7,104,20.0,0.49,63,0
4371,5,102,79,39,240,42.5,0.69,26,0
4372,3,94,90,27,79,33.6,0.269,22,0
4373,1,99,58,29,145,41.8,0.557,24,0
4374,9,143,85,37,171,42.9,0.398,51,1
4375,1,102,88,44,124,34.8,0.339,24,0
4376,13,82,83,50,134,31.8,0.682,43,1
4377,1,101,69,36,158,35.5,1.152,27,0
4378,1,112,80,29,111,28.5,0.147,24,0
4379,4,190,58,43,617,33.5,0.314,46,1
4380,0,86,58,30,120,25.2,0.369,23,0
4381,9,116,77,36,207,32.3,0.391,25,1
4382,0,145,76,11,52,24.0,0.184,24,0
4383,1,106,86,40,85,34.6,0.231,34,1
4384,5,192,60,40,184,35.4,0.956,29,0
4385,3,154,71,40,431,35.7,0.465,23,0
4386,1,89,69,32,32,33.8,0.315,37,0
4387,2,95,76,18,16,25.0,0.825,21,0
4388,0,120,53,26,14,29.2,0.283,29,1
4389,6,68,60,28,14,24.2,0.312,24,0
4390,3,112,68,49,61,45.1,0.204,25,0
4391,0,87,55,12,45,26.5,0.259,21,0
4392,0,180,73,24,374,33.0,0.428,22,0
4393,7,119,76,18,64,24.5,0.993,31,0
4394,4,130,50,44,234,30.9,1.019,32,1
4395,2,105,87,24,291,35.7,0.267,28,0
4396,2,110,67,22,78,22.7,0.379,38,0
4397,10,122,71,38,111,37.1,0.278,44,1
4398,6,137,96,38,187,38.4,0.308,41,0
4399,2,71,60,18,14,26.3,0.402,25,0
4400,7,154,83,46,153,46.2,0.431,31,1
4401,12,172,77,41,380,47.9,0.147,44,1
4402,1,179,72,20,333,28.1,0.519,24,0
4403,4,155,55,31,105,34.5,0.282,41,0
4404,0,135,77,29,72,28.7,0.314,23,1
4405,4,109,95,44,196,44.4,0.295,39,0
4406,8,140,62,37,194,38.9,0.246,38,0
4407,1,150,77,34,535,45.8,1.491,24,0
4408,1,122,60,17,128,19.3,0.303,23,0
4409,0,174,64,30,159,29.5,0.315,24,1
4410,13,104,89,36,21,27.0,0.303,42,1
4411,2,129,69,41,132,36.6,0.698,25,0
4412,12,79,80,36,69,38.5,0.544,63,0
4413,13,106,78,16,171,29.8,0.742,47,1
4414,5,163,69,24,14,27.1,0.243,28,1
4415,3,110,90,33,145,36.2,0.198,45,0
4416,2,79,62,13,29,30.9,0.58,22,0
4417,8,88,61,25,19,27.5,0.205,55,0
4418,13,96,72,20,93,33.8,0.487,70,0
4419,3,83,64,22,94,26.1,1.743,60,0
4420,9,101,77,43,69,33.1,0.387,44,1
4421,10,119,66,32,153,28.8,0.729,45,1
4422,3,121,107,47,153,41.7,0.263,41,0
4423,2,76,74,10,14,18.8,0.293,21,0
4424,1,152,84,22,158,23.3,0.139,30,1
4425,0,107,64,24,31,30.0,0.241,23,0
4426,2,115,62,42,83,34.4,0.311,28,0
4427,2,110,63,24,59,31.9,0.142,25,0
4428,4,112,97,34,101,38.1,0.728,33,0
4429,1,125,55,12,184,19.6,0.374,24,0
4430,0,115,79,26,372,37.1,0.316,21,0
4431,7,178,108,45,157,42.3,0.582,30,1
4432,6,105,60,25,151,35.8,0.194,36,0
4433,6,115,75,29,105,34.1,0.149,32,0
4434,7,121,83,13,195,29.8,0.526,43,1
4435,2,96,73,44,53,40.2,0.078,28,0
4436,4,130,76,38,92,37.0,0.311,41,0
4437,4,116,68,30,44,26.7,0.329,46,1
4438,2,115,60,13,218,21.5,0.625,21,0
4439,5,167,72,25,146,27.7,0.529,36,1
4440,0,79,54,42,51,29.1,0.2,21,0
4441,2,125,75,29,188,34.7,0.56,28,1
4442,6,163,109,33,592,43.5,0.251,52,1
4443,4,135,74,31,359,37.5,0.542,25,0
4444,0,105,66,21,95,33.2,1.147,29,0
4445,4,79,71,22,24,30.9,0.198,34,1
4446,1,90,67,25,144,38.8,0.262,21,0
4447,3,146,61,12,293,20.2,0.28,25,0
4448,3,96,66,20,86,24.2,0.145,27,0
4449,0,102,30,22,60,26.0,0.674,21,0
4450,7,133,77,37,238,42.5,0.307,36,1
4451,8,167,89,40,166,37.1,0.572,54,1
4452,10,44,37,27,14,26.3,0.411,34,0
4453,1,154,76,13,397,32.0,0.149,44,1
4454,9,112,69,40,154,32.3,0.842,28,0
4455,8,189,69,24,322,28.1,0.308,46,1
4456,1,144,58,19,269,24.9,0.724,22,0
4457,6,99,81,35,72,25.5,0.13,47,0
4458,2,146,77,24,214,32.2,0.233,22,0
4459,3,101,69,29,175,34.1,0.453,37,1
4460,1,109,71,31,107,23.9,0.397,21,0
4461,2,91,63,36,78,30.4,0.55,26,0
4462,2,87,50,26,82,25.9,0.585,23,0
4463,3,106,72,30,70,37.3,0.954,36,1
4464,7,96,75,57,17,54.6,0.833,30,1
4465,3,92,73,48,155,35.0,0.277,22,0
4466,2,83,52,27,30,29.0,0.212,23,0
4467,1,94,90,22,136,29.9,0.349,22,0
4468,9,152,89,38,112,49.4,0.239,58,1
4469,8,142,58,27,322,27.1,0.647,26,0
4470,6,107,84,41,102,39.2,1.427,70,0
4471,3,152,67,28,219,30.2,0.394,28,1
4472,4,114,61,15,14,21.9,0.205,33,0
4473,1,91,71,21,15,31.6,0.839,38,0
4474,1,199,70,29,222,41.3,0.195,26,1
4475,3,58,67,42,16,25.8,0.288,28,0
4476,0,181,77,53,294,43.0,0.162,24,1
4477,1,88,68,12,118,22.7,0.269,22,0
4478,5,104,68,24,345,29.3,0.933,32,0
4479,0,103,62,31,333,44.5,0.662,37,0
4480,9,133,69,14,106,23.4,0.092,48,1
4481,3,117,74,27,267,30.5,0.184,23,0
4482,6,164,69,34,74,37.9,0.223,49,0
4483,3,126,72,35,145,35.5,1.389,24,1
4484,3,111,73,27,141,22.4,0.119,46,0
4485,0,106,83,31,244,42.5,0.413,21,0
4486,3,104,65,32,192,32.2,0.174,36,1
4487,1,107,67,34,63,32.8,0.5,26,0
4488,9,111,65,16,116,18.9,0.144,23,0
4489,4,154,76,45,128,37.7,0.991,35,1
4490,1,172,74,39,93,39.2,0.366,36,1
4491,2,116,69,12,145,25.0,0.486,26,0
4492,7,145,74,17,143,31.7,0.21,44,1
4493,4,102,60,12,66,24.3,0.667,25,0
4494,10,104,73,40,102,29.9,0.126,53,1
4495,0,76,67,32,188,29.9,0.297,27,0
4496,2,88,71,26,89,33.6,0.472,24,0
4497,0,92,71,20,68,23.0,0.221,21,0
4498,0,93,74,22,96,31.1,0.094,21,0
4499,1,139,60,40,167,33.4,0.275,30,1
4500,2,88,86,12,66,22.6,0.309,39,0
